[2026-06-24T21:57:40.848+0000] {manager.py:470} INFO - Processing files using up to 2 processes at a time 
[2026-06-24T21:57:40.850+0000] {manager.py:471} INFO - Process each file at most once every 30 seconds
[2026-06-24T21:57:40.852+0000] {manager.py:472} INFO - Checking for new files in /opt/airflow/dags every 300 seconds
[2026-06-24T21:57:40.855+0000] {manager.py:737} INFO - Searching for files in /opt/airflow/dags
[2026-06-24T21:57:40.903+0000] {manager.py:740} INFO - There are 1 files in /opt/airflow/dags
[2026-06-24T21:57:41.081+0000] {manager.py:878} INFO - 
================================================================================
DAG File Processing Stats

File Path                                      PID  Runtime      # DAGs    # Errors  Last Runtime    Last Run
-------------------------------------------  -----  ---------  --------  ----------  --------------  ----------
/opt/airflow/dags/insurance_pipeline_dag.py    168  0.07s             0           0
================================================================================
[2026-06-24T21:58:11.614+0000] {manager.py:878} INFO - 
================================================================================
DAG File Processing Stats

File Path                                      PID  Runtime      # DAGs    # Errors  Last Runtime    Last Run
-------------------------------------------  -----  ---------  --------  ----------  --------------  -------------------
/opt/airflow/dags/insurance_pipeline_dag.py    173  0.01s             1           0  0.26s           2026-06-24T21:57:41
================================================================================
[2026-06-24T21:58:42.301+0000] {manager.py:878} INFO - 
================================================================================
DAG File Processing Stats

File Path                                      PID  Runtime      # DAGs    # Errors  Last Runtime    Last Run
-------------------------------------------  -----  ---------  --------  ----------  --------------  -------------------
/opt/airflow/dags/insurance_pipeline_dag.py    178  0.01s             1           0  0.21s           2026-06-24T21:58:11
================================================================================
[2026-06-24T21:59:12.858+0000] {manager.py:878} INFO - 
================================================================================
DAG File Processing Stats

File Path                                      PID  Runtime      # DAGs    # Errors  Last Runtime    Last Run
-------------------------------------------  -----  ---------  --------  ----------  --------------  -------------------
/opt/airflow/dags/insurance_pipeline_dag.py    183  0.01s             1           0  0.18s           2026-06-24T21:58:42
================================================================================
[2026-06-24T21:59:43.514+0000] {manager.py:878} INFO - 
================================================================================
DAG File Processing Stats

File Path                                      PID  Runtime      # DAGs    # Errors  Last Runtime    Last Run
-------------------------------------------  -----  ---------  --------  ----------  --------------  -------------------
/opt/airflow/dags/insurance_pipeline_dag.py    188  0.01s             1           0  0.18s           2026-06-24T21:59:13
================================================================================
[2026-06-24T22:00:13.876+0000] {manager.py:878} INFO - 
================================================================================
DAG File Processing Stats

File Path                                      PID  Runtime      # DAGs    # Errors  Last Runtime    Last Run
-------------------------------------------  -----  ---------  --------  ----------  --------------  -------------------
/opt/airflow/dags/insurance_pipeline_dag.py    193  0.01s             1           0  0.20s           2026-06-24T21:59:43
================================================================================
[2026-06-24T22:00:44.336+0000] {manager.py:878} INFO - 
================================================================================
DAG File Processing Stats

File Path                                      PID  Runtime      # DAGs    # Errors  Last Runtime    Last Run
-------------------------------------------  -----  ---------  --------  ----------  --------------  -------------------
/opt/airflow/dags/insurance_pipeline_dag.py    198  0.01s             1           0  0.21s           2026-06-24T22:00:14
================================================================================
[2026-06-24T22:01:14.598+0000] {manager.py:878} INFO - 
================================================================================
DAG File Processing Stats

File Path                                      PID  Runtime      # DAGs    # Errors  Last Runtime    Last Run
-------------------------------------------  -----  ---------  --------  ----------  --------------  -------------------
/opt/airflow/dags/insurance_pipeline_dag.py    203  0.01s             1           0  0.20s           2026-06-24T22:00:44
================================================================================
[2026-06-24T22:01:44.977+0000] {manager.py:878} INFO - 
================================================================================
DAG File Processing Stats

File Path                                      PID  Runtime      # DAGs    # Errors  Last Runtime    Last Run
-------------------------------------------  -----  ---------  --------  ----------  --------------  -------------------
/opt/airflow/dags/insurance_pipeline_dag.py    208  0.01s             1           0  0.20s           2026-06-24T22:01:14
================================================================================
[2026-06-24T22:02:15.179+0000] {manager.py:878} INFO - 
================================================================================
DAG File Processing Stats

File Path                                    PID    Runtime      # DAGs    # Errors  Last Runtime    Last Run
-------------------------------------------  -----  ---------  --------  ----------  --------------  -------------------
/opt/airflow/dags/insurance_pipeline_dag.py                           1           0  0.27s           2026-06-24T22:01:45
================================================================================
[2026-06-24T22:02:40.865+0000] {manager.py:737} INFO - Searching for files in /opt/airflow/dags
[2026-06-24T22:02:40.914+0000] {manager.py:740} INFO - There are 1 files in /opt/airflow/dags
[2026-06-24T22:02:45.649+0000] {manager.py:878} INFO - 
================================================================================
DAG File Processing Stats

File Path                                    PID    Runtime      # DAGs    # Errors  Last Runtime    Last Run
-------------------------------------------  -----  ---------  --------  ----------  --------------  -------------------
/opt/airflow/dags/insurance_pipeline_dag.py                           1           0  0.27s           2026-06-24T22:02:15
================================================================================
[2026-06-24T22:03:16.168+0000] {manager.py:878} INFO - 
================================================================================
DAG File Processing Stats

File Path                                    PID    Runtime      # DAGs    # Errors  Last Runtime    Last Run
-------------------------------------------  -----  ---------  --------  ----------  --------------  -------------------
/opt/airflow/dags/insurance_pipeline_dag.py                           1           0  0.21s           2026-06-24T22:02:46
================================================================================
[2026-06-24T22:03:46.594+0000] {manager.py:878} INFO - 
================================================================================
DAG File Processing Stats

File Path                                    PID    Runtime      # DAGs    # Errors  Last Runtime    Last Run
-------------------------------------------  -----  ---------  --------  ----------  --------------  -------------------
/opt/airflow/dags/insurance_pipeline_dag.py                           1           0  0.26s           2026-06-24T22:03:16
================================================================================
[2026-06-24T22:04:17.020+0000] {manager.py:878} INFO - 
================================================================================
DAG File Processing Stats

File Path                                    PID    Runtime      # DAGs    # Errors  Last Runtime    Last Run
-------------------------------------------  -----  ---------  --------  ----------  --------------  -------------------
/opt/airflow/dags/insurance_pipeline_dag.py                           1           0  0.22s           2026-06-24T22:03:47
================================================================================
[2026-06-24T22:04:23.979+0000] {manager.py:452} INFO - Exiting gracefully upon receiving signal 15
[2026-06-24T22:05:25.282+0000] {manager.py:470} INFO - Processing files using up to 2 processes at a time 
[2026-06-24T22:05:25.287+0000] {manager.py:471} INFO - Process each file at most once every 30 seconds
[2026-06-24T22:05:25.291+0000] {manager.py:472} INFO - Checking for new files in /opt/airflow/dags every 300 seconds
[2026-06-24T22:05:25.295+0000] {manager.py:737} INFO - Searching for files in /opt/airflow/dags
[2026-06-24T22:05:25.528+0000] {manager.py:740} INFO - There are 1 files in /opt/airflow/dags
[2026-06-24T22:05:26.075+0000] {manager.py:878} INFO - 
================================================================================
DAG File Processing Stats

File Path                                      PID  Runtime      # DAGs    # Errors  Last Runtime    Last Run
-------------------------------------------  -----  ---------  --------  ----------  --------------  ----------
/opt/airflow/dags/insurance_pipeline_dag.py    168  0.16s             0           0
================================================================================
[2026-06-24T22:05:56.062+0000] {manager.py:878} INFO - 
================================================================================
DAG File Processing Stats

File Path                                    PID    Runtime      # DAGs    # Errors  Last Runtime    Last Run
-------------------------------------------  -----  ---------  --------  ----------  --------------  -------------------
/opt/airflow/dags/insurance_pipeline_dag.py                           1           0  1.09s           2026-06-24T22:05:26
================================================================================
[2026-06-24T22:06:26.201+0000] {manager.py:878} INFO - 
================================================================================
DAG File Processing Stats

File Path                                    PID    Runtime      # DAGs    # Errors  Last Runtime    Last Run
-------------------------------------------  -----  ---------  --------  ----------  --------------  -------------------
/opt/airflow/dags/insurance_pipeline_dag.py                           1           0  0.21s           2026-06-24T22:05:57
================================================================================
[2026-06-24T22:06:56.530+0000] {manager.py:878} INFO - 
================================================================================
DAG File Processing Stats

File Path                                    PID    Runtime      # DAGs    # Errors  Last Runtime    Last Run
-------------------------------------------  -----  ---------  --------  ----------  --------------  -------------------
/opt/airflow/dags/insurance_pipeline_dag.py                           1           0  0.28s           2026-06-24T22:06:27
================================================================================
[2026-06-24T22:07:26.917+0000] {manager.py:878} INFO - 
================================================================================
DAG File Processing Stats

File Path                                    PID    Runtime      # DAGs    # Errors  Last Runtime    Last Run
-------------------------------------------  -----  ---------  --------  ----------  --------------  -------------------
/opt/airflow/dags/insurance_pipeline_dag.py                           1           0  0.23s           2026-06-24T22:06:58
================================================================================
[2026-06-24T22:07:57.252+0000] {manager.py:878} INFO - 
================================================================================
DAG File Processing Stats

File Path                                    PID    Runtime      # DAGs    # Errors  Last Runtime    Last Run
-------------------------------------------  -----  ---------  --------  ----------  --------------  -------------------
/opt/airflow/dags/insurance_pipeline_dag.py                           1           0  0.28s           2026-06-24T22:07:28
================================================================================
[2026-06-24T22:08:27.623+0000] {manager.py:878} INFO - 
================================================================================
DAG File Processing Stats

File Path                                    PID    Runtime      # DAGs    # Errors  Last Runtime    Last Run
-------------------------------------------  -----  ---------  --------  ----------  --------------  -------------------
/opt/airflow/dags/insurance_pipeline_dag.py                           1           0  0.20s           2026-06-24T22:07:58
================================================================================
[2026-06-24T22:08:57.889+0000] {manager.py:878} INFO - 
================================================================================
DAG File Processing Stats

File Path                                    PID    Runtime      # DAGs    # Errors  Last Runtime    Last Run
-------------------------------------------  -----  ---------  --------  ----------  --------------  -------------------
/opt/airflow/dags/insurance_pipeline_dag.py                           1           0  0.21s           2026-06-24T22:08:29
================================================================================
[2026-06-24T22:09:28.219+0000] {manager.py:878} INFO - 
================================================================================
DAG File Processing Stats

File Path                                    PID    Runtime      # DAGs    # Errors  Last Runtime    Last Run
-------------------------------------------  -----  ---------  --------  ----------  --------------  -------------------
/opt/airflow/dags/insurance_pipeline_dag.py                           1           0  0.22s           2026-06-24T22:08:59
================================================================================
[2026-06-24T22:09:58.551+0000] {manager.py:878} INFO - 
================================================================================
DAG File Processing Stats

File Path                                    PID    Runtime      # DAGs    # Errors  Last Runtime    Last Run
-------------------------------------------  -----  ---------  --------  ----------  --------------  -------------------
/opt/airflow/dags/insurance_pipeline_dag.py                           1           0  0.26s           2026-06-24T22:09:29
================================================================================
[2026-06-24T22:10:25.859+0000] {manager.py:737} INFO - Searching for files in /opt/airflow/dags
[2026-06-24T22:10:25.900+0000] {manager.py:740} INFO - There are 1 files in /opt/airflow/dags
[2026-06-24T22:10:28.944+0000] {manager.py:878} INFO - 
================================================================================
DAG File Processing Stats

File Path                                    PID    Runtime      # DAGs    # Errors  Last Runtime    Last Run
-------------------------------------------  -----  ---------  --------  ----------  --------------  -------------------
/opt/airflow/dags/insurance_pipeline_dag.py                           1           0  0.22s           2026-06-24T22:10:00
================================================================================
[2026-06-24T22:10:59.205+0000] {manager.py:878} INFO - 
================================================================================
DAG File Processing Stats

File Path                                    PID    Runtime      # DAGs    # Errors  Last Runtime    Last Run
-------------------------------------------  -----  ---------  --------  ----------  --------------  -------------------
/opt/airflow/dags/insurance_pipeline_dag.py                           1           0  0.23s           2026-06-24T22:10:30
================================================================================
[2026-06-24T22:11:29.554+0000] {manager.py:878} INFO - 
================================================================================
DAG File Processing Stats

File Path                                    PID    Runtime      # DAGs    # Errors  Last Runtime    Last Run
-------------------------------------------  -----  ---------  --------  ----------  --------------  -------------------
/opt/airflow/dags/insurance_pipeline_dag.py                           1           0  0.22s           2026-06-24T22:11:00
================================================================================
[2026-06-24T22:11:59.866+0000] {manager.py:878} INFO - 
================================================================================
DAG File Processing Stats

File Path                                    PID    Runtime      # DAGs    # Errors  Last Runtime    Last Run
-------------------------------------------  -----  ---------  --------  ----------  --------------  -------------------
/opt/airflow/dags/insurance_pipeline_dag.py                           1           0  0.29s           2026-06-24T22:11:31
================================================================================
[2026-06-24T22:12:30.269+0000] {manager.py:878} INFO - 
================================================================================
DAG File Processing Stats

File Path                                    PID    Runtime      # DAGs    # Errors  Last Runtime    Last Run
-------------------------------------------  -----  ---------  --------  ----------  --------------  -------------------
/opt/airflow/dags/insurance_pipeline_dag.py                           1           0  0.21s           2026-06-24T22:12:01
================================================================================
[2026-06-24T22:13:00.586+0000] {manager.py:878} INFO - 
================================================================================
DAG File Processing Stats

File Path                                    PID    Runtime      # DAGs    # Errors  Last Runtime    Last Run
-------------------------------------------  -----  ---------  --------  ----------  --------------  -------------------
/opt/airflow/dags/insurance_pipeline_dag.py                           1           0  0.22s           2026-06-24T22:12:31
================================================================================
[2026-06-24T22:13:30.912+0000] {manager.py:878} INFO - 
================================================================================
DAG File Processing Stats

File Path                                    PID    Runtime      # DAGs    # Errors  Last Runtime    Last Run
-------------------------------------------  -----  ---------  --------  ----------  --------------  -------------------
/opt/airflow/dags/insurance_pipeline_dag.py                           1           0  0.22s           2026-06-24T22:13:02
================================================================================
[2026-06-24T22:14:01.220+0000] {manager.py:878} INFO - 
================================================================================
DAG File Processing Stats

File Path                                    PID    Runtime      # DAGs    # Errors  Last Runtime    Last Run
-------------------------------------------  -----  ---------  --------  ----------  --------------  -------------------
/opt/airflow/dags/insurance_pipeline_dag.py                           1           0  0.20s           2026-06-24T22:13:32
================================================================================
[2026-06-24T22:14:31.533+0000] {manager.py:878} INFO - 
================================================================================
DAG File Processing Stats

File Path                                    PID    Runtime      # DAGs    # Errors  Last Runtime    Last Run
-------------------------------------------  -----  ---------  --------  ----------  --------------  -------------------
/opt/airflow/dags/insurance_pipeline_dag.py                           1           0  0.22s           2026-06-24T22:14:02
================================================================================
[2026-06-24T22:15:01.845+0000] {manager.py:878} INFO - 
================================================================================
DAG File Processing Stats

File Path                                    PID    Runtime      # DAGs    # Errors  Last Runtime    Last Run
-------------------------------------------  -----  ---------  --------  ----------  --------------  -------------------
/opt/airflow/dags/insurance_pipeline_dag.py                           1           0  0.22s           2026-06-24T22:14:32
================================================================================
[2026-06-24T22:15:26.121+0000] {manager.py:737} INFO - Searching for files in /opt/airflow/dags
[2026-06-24T22:15:26.191+0000] {manager.py:740} INFO - There are 1 files in /opt/airflow/dags
[2026-06-24T22:15:32.267+0000] {manager.py:878} INFO - 
================================================================================
DAG File Processing Stats

File Path                                    PID    Runtime      # DAGs    # Errors  Last Runtime    Last Run
-------------------------------------------  -----  ---------  --------  ----------  --------------  -------------------
/opt/airflow/dags/insurance_pipeline_dag.py                           1           0  0.22s           2026-06-24T22:15:03
================================================================================
[2026-06-24T22:16:02.473+0000] {manager.py:878} INFO - 
================================================================================
DAG File Processing Stats

File Path                                    PID    Runtime      # DAGs    # Errors  Last Runtime    Last Run
-------------------------------------------  -----  ---------  --------  ----------  --------------  -------------------
/opt/airflow/dags/insurance_pipeline_dag.py                           1           0  0.21s           2026-06-24T22:15:33
================================================================================
[2026-06-24T22:16:32.794+0000] {manager.py:878} INFO - 
================================================================================
DAG File Processing Stats

File Path                                    PID    Runtime      # DAGs    # Errors  Last Runtime    Last Run
-------------------------------------------  -----  ---------  --------  ----------  --------------  -------------------
/opt/airflow/dags/insurance_pipeline_dag.py                           1           0  0.22s           2026-06-24T22:16:03
================================================================================
[2026-06-24T22:17:03.125+0000] {manager.py:878} INFO - 
================================================================================
DAG File Processing Stats

File Path                                    PID    Runtime      # DAGs    # Errors  Last Runtime    Last Run
-------------------------------------------  -----  ---------  --------  ----------  --------------  -------------------
/opt/airflow/dags/insurance_pipeline_dag.py                           1           0  0.27s           2026-06-24T22:16:34
================================================================================
[2026-06-24T22:17:33.455+0000] {manager.py:878} INFO - 
================================================================================
DAG File Processing Stats

File Path                                    PID    Runtime      # DAGs    # Errors  Last Runtime    Last Run
-------------------------------------------  -----  ---------  --------  ----------  --------------  -------------------
/opt/airflow/dags/insurance_pipeline_dag.py                           1           0  0.23s           2026-06-24T22:17:04
================================================================================
[2026-06-24T22:18:03.792+0000] {manager.py:878} INFO - 
================================================================================
DAG File Processing Stats

File Path                                    PID    Runtime      # DAGs    # Errors  Last Runtime    Last Run
-------------------------------------------  -----  ---------  --------  ----------  --------------  -------------------
/opt/airflow/dags/insurance_pipeline_dag.py                           1           0  0.27s           2026-06-24T22:17:34
================================================================================
[2026-06-24T22:18:34.163+0000] {manager.py:878} INFO - 
================================================================================
DAG File Processing Stats

File Path                                    PID    Runtime      # DAGs    # Errors  Last Runtime    Last Run
-------------------------------------------  -----  ---------  --------  ----------  --------------  -------------------
/opt/airflow/dags/insurance_pipeline_dag.py                           1           0  0.21s           2026-06-24T22:18:05
================================================================================
[2026-06-24T22:19:04.478+0000] {manager.py:878} INFO - 
================================================================================
DAG File Processing Stats

File Path                                    PID    Runtime      # DAGs    # Errors  Last Runtime    Last Run
-------------------------------------------  -----  ---------  --------  ----------  --------------  -------------------
/opt/airflow/dags/insurance_pipeline_dag.py                           1           0  0.22s           2026-06-24T22:18:35
================================================================================
[2026-06-24T22:19:34.812+0000] {manager.py:878} INFO - 
================================================================================
DAG File Processing Stats

File Path                                    PID    Runtime      # DAGs    # Errors  Last Runtime    Last Run
-------------------------------------------  -----  ---------  --------  ----------  --------------  -------------------
/opt/airflow/dags/insurance_pipeline_dag.py                           1           0  0.27s           2026-06-24T22:19:05
================================================================================
[2026-06-24T22:20:05.205+0000] {manager.py:878} INFO - 
================================================================================
DAG File Processing Stats

File Path                                    PID    Runtime      # DAGs    # Errors  Last Runtime    Last Run
-------------------------------------------  -----  ---------  --------  ----------  --------------  -------------------
/opt/airflow/dags/insurance_pipeline_dag.py                           1           0  0.38s           2026-06-24T22:19:36
================================================================================
[2026-06-24T22:20:26.274+0000] {manager.py:737} INFO - Searching for files in /opt/airflow/dags
[2026-06-24T22:20:26.371+0000] {manager.py:740} INFO - There are 1 files in /opt/airflow/dags
[2026-06-24T22:20:35.477+0000] {manager.py:878} INFO - 
================================================================================
DAG File Processing Stats

File Path                                    PID    Runtime      # DAGs    # Errors  Last Runtime    Last Run
-------------------------------------------  -----  ---------  --------  ----------  --------------  -------------------
/opt/airflow/dags/insurance_pipeline_dag.py                           1           0  0.59s           2026-06-24T22:20:07
================================================================================
[2026-06-24T22:21:05.612+0000] {manager.py:878} INFO - 
================================================================================
DAG File Processing Stats

File Path                                    PID    Runtime      # DAGs    # Errors  Last Runtime    Last Run
-------------------------------------------  -----  ---------  --------  ----------  --------------  -------------------
/opt/airflow/dags/insurance_pipeline_dag.py                           1           0  0.24s           2026-06-24T22:20:37
================================================================================
[2026-06-24T22:21:35.947+0000] {manager.py:878} INFO - 
================================================================================
DAG File Processing Stats

File Path                                    PID    Runtime      # DAGs    # Errors  Last Runtime    Last Run
-------------------------------------------  -----  ---------  --------  ----------  --------------  -------------------
/opt/airflow/dags/insurance_pipeline_dag.py                           1           0  0.25s           2026-06-24T22:21:08
================================================================================
[2026-06-24T22:22:06.348+0000] {manager.py:878} INFO - 
================================================================================
DAG File Processing Stats

File Path                                    PID    Runtime      # DAGs    # Errors  Last Runtime    Last Run
-------------------------------------------  -----  ---------  --------  ----------  --------------  -------------------
/opt/airflow/dags/insurance_pipeline_dag.py                           1           0  0.28s           2026-06-24T22:21:38
================================================================================
[2026-06-24T22:22:36.769+0000] {manager.py:878} INFO - 
================================================================================
DAG File Processing Stats

File Path                                    PID    Runtime      # DAGs    # Errors  Last Runtime    Last Run
-------------------------------------------  -----  ---------  --------  ----------  --------------  -------------------
/opt/airflow/dags/insurance_pipeline_dag.py                           1           0  0.28s           2026-06-24T22:22:08
================================================================================
[2026-06-24T22:23:07.198+0000] {manager.py:878} INFO - 
================================================================================
DAG File Processing Stats

File Path                                    PID    Runtime      # DAGs    # Errors  Last Runtime    Last Run
-------------------------------------------  -----  ---------  --------  ----------  --------------  -------------------
/opt/airflow/dags/insurance_pipeline_dag.py                           1           0  0.28s           2026-06-24T22:22:39
================================================================================
[2026-06-24T22:23:11.103+0000] {manager.py:452} INFO - Exiting gracefully upon receiving signal 15
[2026-06-24T22:23:48.143+0000] {manager.py:470} INFO - Processing files using up to 2 processes at a time 
[2026-06-24T22:23:48.146+0000] {manager.py:471} INFO - Process each file at most once every 30 seconds
[2026-06-24T22:23:48.149+0000] {manager.py:472} INFO - Checking for new files in /opt/airflow/dags every 300 seconds
[2026-06-24T22:23:48.151+0000] {manager.py:737} INFO - Searching for files in /opt/airflow/dags
[2026-06-24T22:23:48.221+0000] {manager.py:740} INFO - There are 1 files in /opt/airflow/dags
[2026-06-24T22:23:48.465+0000] {manager.py:878} INFO - 
================================================================================
DAG File Processing Stats

File Path                                      PID  Runtime      # DAGs    # Errors  Last Runtime    Last Run
-------------------------------------------  -----  ---------  --------  ----------  --------------  ----------
/opt/airflow/dags/insurance_pipeline_dag.py    169  0.11s             0           0
================================================================================
[2026-06-24T22:24:18.633+0000] {manager.py:878} INFO - 
================================================================================
DAG File Processing Stats

File Path                                    PID    Runtime      # DAGs    # Errors  Last Runtime    Last Run
-------------------------------------------  -----  ---------  --------  ----------  --------------  -------------------
/opt/airflow/dags/insurance_pipeline_dag.py                           1           0  0.34s           2026-06-24T22:23:48
================================================================================
[2026-06-24T22:24:48.921+0000] {manager.py:878} INFO - 
================================================================================
DAG File Processing Stats

File Path                                    PID    Runtime      # DAGs    # Errors  Last Runtime    Last Run
-------------------------------------------  -----  ---------  --------  ----------  --------------  -------------------
/opt/airflow/dags/insurance_pipeline_dag.py                           1           0  0.55s           2026-06-24T22:24:19
================================================================================
[2026-06-24T22:25:19.034+0000] {manager.py:878} INFO - 
================================================================================
DAG File Processing Stats

File Path                                    PID    Runtime      # DAGs    # Errors  Last Runtime    Last Run
-------------------------------------------  -----  ---------  --------  ----------  --------------  -------------------
/opt/airflow/dags/insurance_pipeline_dag.py                           1           0  0.22s           2026-06-24T22:24:50
================================================================================
[2026-06-24T22:25:49.248+0000] {manager.py:878} INFO - 
================================================================================
DAG File Processing Stats

File Path                                    PID    Runtime      # DAGs    # Errors  Last Runtime    Last Run
-------------------------------------------  -----  ---------  --------  ----------  --------------  -------------------
/opt/airflow/dags/insurance_pipeline_dag.py                           1           0  0.21s           2026-06-24T22:25:20
================================================================================
[2026-06-24T22:26:19.522+0000] {manager.py:878} INFO - 
================================================================================
DAG File Processing Stats

File Path                                    PID    Runtime      # DAGs    # Errors  Last Runtime    Last Run
-------------------------------------------  -----  ---------  --------  ----------  --------------  -------------------
/opt/airflow/dags/insurance_pipeline_dag.py                           1           0  0.24s           2026-06-24T22:25:50
================================================================================
[2026-06-24T22:26:49.859+0000] {manager.py:878} INFO - 
================================================================================
DAG File Processing Stats

File Path                                    PID    Runtime      # DAGs    # Errors  Last Runtime    Last Run
-------------------------------------------  -----  ---------  --------  ----------  --------------  -------------------
/opt/airflow/dags/insurance_pipeline_dag.py                           1           0  0.22s           2026-06-24T22:26:20
================================================================================
[2026-06-24T22:27:20.134+0000] {manager.py:878} INFO - 
================================================================================
DAG File Processing Stats

File Path                                    PID    Runtime      # DAGs    # Errors  Last Runtime    Last Run
-------------------------------------------  -----  ---------  --------  ----------  --------------  -------------------
/opt/airflow/dags/insurance_pipeline_dag.py                           1           0  0.21s           2026-06-24T22:26:51
================================================================================
[2026-06-24T22:27:50.443+0000] {manager.py:878} INFO - 
================================================================================
DAG File Processing Stats

File Path                                    PID    Runtime      # DAGs    # Errors  Last Runtime    Last Run
-------------------------------------------  -----  ---------  --------  ----------  --------------  -------------------
/opt/airflow/dags/insurance_pipeline_dag.py                           1           0  0.19s           2026-06-24T22:27:21
================================================================================
[2026-06-24T22:28:20.721+0000] {manager.py:878} INFO - 
================================================================================
DAG File Processing Stats

File Path                                    PID    Runtime      # DAGs    # Errors  Last Runtime    Last Run
-------------------------------------------  -----  ---------  --------  ----------  --------------  -------------------
/opt/airflow/dags/insurance_pipeline_dag.py                           1           0  0.22s           2026-06-24T22:27:51
================================================================================
[2026-06-24T22:28:48.326+0000] {manager.py:737} INFO - Searching for files in /opt/airflow/dags
[2026-06-24T22:28:48.228+0000] {manager.py:740} INFO - There are 1 files in /opt/airflow/dags
[2026-06-24T22:28:51.022+0000] {manager.py:878} INFO - 
================================================================================
DAG File Processing Stats

File Path                                    PID    Runtime      # DAGs    # Errors  Last Runtime    Last Run
-------------------------------------------  -----  ---------  --------  ----------  --------------  -------------------
/opt/airflow/dags/insurance_pipeline_dag.py                           1           0  0.21s           2026-06-24T22:28:22
================================================================================
[2026-06-24T22:29:21.372+0000] {manager.py:878} INFO - 
================================================================================
DAG File Processing Stats

File Path                                    PID    Runtime      # DAGs    # Errors  Last Runtime    Last Run
-------------------------------------------  -----  ---------  --------  ----------  --------------  -------------------
/opt/airflow/dags/insurance_pipeline_dag.py                           1           0  0.21s           2026-06-24T22:28:52
================================================================================
[2026-06-24T22:29:51.681+0000] {manager.py:878} INFO - 
================================================================================
DAG File Processing Stats

File Path                                    PID    Runtime      # DAGs    # Errors  Last Runtime    Last Run
-------------------------------------------  -----  ---------  --------  ----------  --------------  -------------------
/opt/airflow/dags/insurance_pipeline_dag.py                           1           0  0.23s           2026-06-24T22:29:22
================================================================================
[2026-06-24T22:30:22.014+0000] {manager.py:878} INFO - 
================================================================================
DAG File Processing Stats

File Path                                    PID    Runtime      # DAGs    # Errors  Last Runtime    Last Run
-------------------------------------------  -----  ---------  --------  ----------  --------------  -------------------
/opt/airflow/dags/insurance_pipeline_dag.py                           1           0  0.22s           2026-06-24T22:29:53
================================================================================
[2026-06-24T22:30:52.323+0000] {manager.py:878} INFO - 
================================================================================
DAG File Processing Stats

File Path                                    PID    Runtime      # DAGs    # Errors  Last Runtime    Last Run
-------------------------------------------  -----  ---------  --------  ----------  --------------  -------------------
/opt/airflow/dags/insurance_pipeline_dag.py                           1           0  0.22s           2026-06-24T22:30:23
================================================================================
[2026-06-24T22:31:22.589+0000] {manager.py:878} INFO - 
================================================================================
DAG File Processing Stats

File Path                                    PID    Runtime      # DAGs    # Errors  Last Runtime    Last Run
-------------------------------------------  -----  ---------  --------  ----------  --------------  -------------------
/opt/airflow/dags/insurance_pipeline_dag.py                           1           0  0.23s           2026-06-24T22:30:53
================================================================================
[2026-06-24T22:31:52.896+0000] {manager.py:878} INFO - 
================================================================================
DAG File Processing Stats

File Path                                    PID    Runtime      # DAGs    # Errors  Last Runtime    Last Run
-------------------------------------------  -----  ---------  --------  ----------  --------------  -------------------
/opt/airflow/dags/insurance_pipeline_dag.py                           1           0  0.21s           2026-06-24T22:31:24
================================================================================
[2026-06-24T22:32:23.168+0000] {manager.py:878} INFO - 
================================================================================
DAG File Processing Stats

File Path                                    PID    Runtime      # DAGs    # Errors  Last Runtime    Last Run
-------------------------------------------  -----  ---------  --------  ----------  --------------  -------------------
/opt/airflow/dags/insurance_pipeline_dag.py                           1           0  0.21s           2026-06-24T22:31:54
================================================================================
[2026-06-24T22:32:53.474+0000] {manager.py:878} INFO - 
================================================================================
DAG File Processing Stats

File Path                                    PID    Runtime      # DAGs    # Errors  Last Runtime    Last Run
-------------------------------------------  -----  ---------  --------  ----------  --------------  -------------------
/opt/airflow/dags/insurance_pipeline_dag.py                           1           0  0.21s           2026-06-24T22:32:24
================================================================================
[2026-06-24T22:33:23.811+0000] {manager.py:878} INFO - 
================================================================================
DAG File Processing Stats

File Path                                    PID    Runtime      # DAGs    # Errors  Last Runtime    Last Run
-------------------------------------------  -----  ---------  --------  ----------  --------------  -------------------
/opt/airflow/dags/insurance_pipeline_dag.py                           1           0  0.25s           2026-06-24T22:32:54
================================================================================
[2026-06-24T22:33:49.104+0000] {manager.py:737} INFO - Searching for files in /opt/airflow/dags
[2026-06-24T22:33:49.159+0000] {manager.py:740} INFO - There are 1 files in /opt/airflow/dags
[2026-06-24T22:33:54.216+0000] {manager.py:878} INFO - 
================================================================================
DAG File Processing Stats

File Path                                    PID    Runtime      # DAGs    # Errors  Last Runtime    Last Run
-------------------------------------------  -----  ---------  --------  ----------  --------------  -------------------
/opt/airflow/dags/insurance_pipeline_dag.py                           1           0  0.22s           2026-06-24T22:33:25
================================================================================
[2026-06-24T22:34:24.447+0000] {manager.py:878} INFO - 
================================================================================
DAG File Processing Stats

File Path                                    PID    Runtime      # DAGs    # Errors  Last Runtime    Last Run
-------------------------------------------  -----  ---------  --------  ----------  --------------  -------------------
/opt/airflow/dags/insurance_pipeline_dag.py                           1           0  0.22s           2026-06-24T22:33:55
================================================================================
[2026-06-24T22:34:54.738+0000] {manager.py:878} INFO - 
================================================================================
DAG File Processing Stats

File Path                                    PID    Runtime      # DAGs    # Errors  Last Runtime    Last Run
-------------------------------------------  -----  ---------  --------  ----------  --------------  -------------------
/opt/airflow/dags/insurance_pipeline_dag.py                           1           0  0.23s           2026-06-24T22:34:25
================================================================================
[2026-06-24T22:35:25.062+0000] {manager.py:878} INFO - 
================================================================================
DAG File Processing Stats

File Path                                    PID    Runtime      # DAGs    # Errors  Last Runtime    Last Run
-------------------------------------------  -----  ---------  --------  ----------  --------------  -------------------
/opt/airflow/dags/insurance_pipeline_dag.py                           1           0  0.22s           2026-06-24T22:34:56
================================================================================
[2026-06-24T22:35:55.362+0000] {manager.py:878} INFO - 
================================================================================
DAG File Processing Stats

File Path                                    PID    Runtime      # DAGs    # Errors  Last Runtime    Last Run
-------------------------------------------  -----  ---------  --------  ----------  --------------  -------------------
/opt/airflow/dags/insurance_pipeline_dag.py                           1           0  0.22s           2026-06-24T22:35:26
================================================================================
[2026-06-24T22:36:25.662+0000] {manager.py:878} INFO - 
================================================================================
DAG File Processing Stats

File Path                                    PID    Runtime      # DAGs    # Errors  Last Runtime    Last Run
-------------------------------------------  -----  ---------  --------  ----------  --------------  -------------------
/opt/airflow/dags/insurance_pipeline_dag.py                           1           0  0.29s           2026-06-24T22:35:56
================================================================================
[2026-06-24T22:36:56.079+0000] {manager.py:878} INFO - 
================================================================================
DAG File Processing Stats

File Path                                    PID    Runtime      # DAGs    # Errors  Last Runtime    Last Run
-------------------------------------------  -----  ---------  --------  ----------  --------------  -------------------
/opt/airflow/dags/insurance_pipeline_dag.py                           1           0  0.26s           2026-06-24T22:36:27
================================================================================
[2026-06-24T22:37:26.451+0000] {manager.py:878} INFO - 
================================================================================
DAG File Processing Stats

File Path                                    PID    Runtime      # DAGs    # Errors  Last Runtime    Last Run
-------------------------------------------  -----  ---------  --------  ----------  --------------  -------------------
/opt/airflow/dags/insurance_pipeline_dag.py                           1           0  0.22s           2026-06-24T22:36:57
================================================================================
[2026-06-24T22:37:56.706+0000] {manager.py:878} INFO - 
================================================================================
DAG File Processing Stats

File Path                                    PID    Runtime      # DAGs    # Errors  Last Runtime    Last Run
-------------------------------------------  -----  ---------  --------  ----------  --------------  -------------------
/opt/airflow/dags/insurance_pipeline_dag.py                           1           0  0.22s           2026-06-24T22:37:27
================================================================================
[2026-06-24T22:38:27.024+0000] {manager.py:878} INFO - 
================================================================================
DAG File Processing Stats

File Path                                    PID    Runtime      # DAGs    # Errors  Last Runtime    Last Run
-------------------------------------------  -----  ---------  --------  ----------  --------------  -------------------
/opt/airflow/dags/insurance_pipeline_dag.py                           1           0  0.21s           2026-06-24T22:37:58
================================================================================
[2026-06-24T22:38:49.241+0000] {manager.py:737} INFO - Searching for files in /opt/airflow/dags
[2026-06-24T22:38:49.292+0000] {manager.py:740} INFO - There are 1 files in /opt/airflow/dags
[2026-06-24T22:38:57.379+0000] {manager.py:878} INFO - 
================================================================================
DAG File Processing Stats

File Path                                    PID    Runtime      # DAGs    # Errors  Last Runtime    Last Run
-------------------------------------------  -----  ---------  --------  ----------  --------------  -------------------
/opt/airflow/dags/insurance_pipeline_dag.py                           1           0  0.22s           2026-06-24T22:38:28
================================================================================
[2026-06-24T22:39:27.811+0000] {manager.py:878} INFO - 
================================================================================
DAG File Processing Stats

File Path                                    PID    Runtime      # DAGs    # Errors  Last Runtime    Last Run
-------------------------------------------  -----  ---------  --------  ----------  --------------  -------------------
/opt/airflow/dags/insurance_pipeline_dag.py                           1           0  0.28s           2026-06-24T22:39:23
================================================================================
[2026-06-24T22:39:57.965+0000] {manager.py:878} INFO - 
================================================================================
DAG File Processing Stats

File Path                                    PID    Runtime      # DAGs    # Errors  Last Runtime    Last Run
-------------------------------------------  -----  ---------  --------  ----------  --------------  -------------------
/opt/airflow/dags/insurance_pipeline_dag.py                           1           0  0.22s           2026-06-24T22:39:54
================================================================================
[2026-06-24T22:40:28.281+0000] {manager.py:878} INFO - 
================================================================================
DAG File Processing Stats

File Path                                    PID    Runtime      # DAGs    # Errors  Last Runtime    Last Run
-------------------------------------------  -----  ---------  --------  ----------  --------------  -------------------
/opt/airflow/dags/insurance_pipeline_dag.py                           1           0  0.19s           2026-06-24T22:40:24
================================================================================
[2026-06-24T22:40:58.563+0000] {manager.py:878} INFO - 
================================================================================
DAG File Processing Stats

File Path                                    PID    Runtime      # DAGs    # Errors  Last Runtime    Last Run
-------------------------------------------  -----  ---------  --------  ----------  --------------  -------------------
/opt/airflow/dags/insurance_pipeline_dag.py                           1           0  0.23s           2026-06-24T22:40:54
================================================================================
[2026-06-24T22:41:28.864+0000] {manager.py:878} INFO - 
================================================================================
DAG File Processing Stats

File Path                                    PID    Runtime      # DAGs    # Errors  Last Runtime    Last Run
-------------------------------------------  -----  ---------  --------  ----------  --------------  -------------------
/opt/airflow/dags/insurance_pipeline_dag.py                           1           0  0.23s           2026-06-24T22:41:25
================================================================================
[2026-06-24T22:41:59.163+0000] {manager.py:878} INFO - 
================================================================================
DAG File Processing Stats

File Path                                    PID    Runtime      # DAGs    # Errors  Last Runtime    Last Run
-------------------------------------------  -----  ---------  --------  ----------  --------------  -------------------
/opt/airflow/dags/insurance_pipeline_dag.py                           1           0  0.21s           2026-06-24T22:41:55
================================================================================
[2026-06-24T22:42:29.450+0000] {manager.py:878} INFO - 
================================================================================
DAG File Processing Stats

File Path                                    PID    Runtime      # DAGs    # Errors  Last Runtime    Last Run
-------------------------------------------  -----  ---------  --------  ----------  --------------  -------------------
/opt/airflow/dags/insurance_pipeline_dag.py                           1           0  0.21s           2026-06-24T22:42:25
================================================================================
[2026-06-24T22:42:59.699+0000] {manager.py:878} INFO - 
================================================================================
DAG File Processing Stats

File Path                                    PID    Runtime      # DAGs    # Errors  Last Runtime    Last Run
-------------------------------------------  -----  ---------  --------  ----------  --------------  -------------------
/opt/airflow/dags/insurance_pipeline_dag.py                           1           0  0.21s           2026-06-24T22:42:55
================================================================================
[2026-06-24T22:43:29.982+0000] {manager.py:878} INFO - 
================================================================================
DAG File Processing Stats

File Path                                    PID    Runtime      # DAGs    # Errors  Last Runtime    Last Run
-------------------------------------------  -----  ---------  --------  ----------  --------------  -------------------
/opt/airflow/dags/insurance_pipeline_dag.py                           1           0  0.21s           2026-06-24T22:43:26
================================================================================
[2026-06-24T22:43:49.995+0000] {manager.py:737} INFO - Searching for files in /opt/airflow/dags
[2026-06-24T22:43:50.029+0000] {manager.py:740} INFO - There are 1 files in /opt/airflow/dags
[2026-06-24T22:44:00.274+0000] {manager.py:878} INFO - 
================================================================================
DAG File Processing Stats

File Path                                    PID    Runtime      # DAGs    # Errors  Last Runtime    Last Run
-------------------------------------------  -----  ---------  --------  ----------  --------------  -------------------
/opt/airflow/dags/insurance_pipeline_dag.py                           1           0  0.24s           2026-06-24T22:43:56
================================================================================
[2026-06-24T22:44:30.580+0000] {manager.py:878} INFO - 
================================================================================
DAG File Processing Stats

File Path                                    PID    Runtime      # DAGs    # Errors  Last Runtime    Last Run
-------------------------------------------  -----  ---------  --------  ----------  --------------  -------------------
/opt/airflow/dags/insurance_pipeline_dag.py                           1           0  0.21s           2026-06-24T22:44:26
================================================================================
[2026-06-24T22:44:53.730+0000] {manager.py:452} INFO - Exiting gracefully upon receiving signal 15
[2026-06-24T22:45:29.403+0000] {manager.py:470} INFO - Processing files using up to 2 processes at a time 
[2026-06-24T22:45:29.405+0000] {manager.py:471} INFO - Process each file at most once every 30 seconds
[2026-06-24T22:45:29.408+0000] {manager.py:472} INFO - Checking for new files in /opt/airflow/dags every 300 seconds
[2026-06-24T22:45:29.411+0000] {manager.py:737} INFO - Searching for files in /opt/airflow/dags
[2026-06-24T22:45:29.462+0000] {manager.py:740} INFO - There are 1 files in /opt/airflow/dags
[2026-06-24T22:45:29.743+0000] {manager.py:878} INFO - 
================================================================================
DAG File Processing Stats

File Path                                      PID  Runtime      # DAGs    # Errors  Last Runtime    Last Run
-------------------------------------------  -----  ---------  --------  ----------  --------------  ----------
/opt/airflow/dags/insurance_pipeline_dag.py    173  0.13s             0           0
================================================================================
[2026-06-24T22:45:59.834+0000] {manager.py:878} INFO - 
================================================================================
DAG File Processing Stats

File Path                                    PID    Runtime      # DAGs    # Errors  Last Runtime    Last Run
-------------------------------------------  -----  ---------  --------  ----------  --------------  -------------------
/opt/airflow/dags/insurance_pipeline_dag.py                           1           0  0.34s           2026-06-24T22:45:29
================================================================================
[2026-06-24T22:46:30.086+0000] {manager.py:878} INFO - 
================================================================================
DAG File Processing Stats

File Path                                    PID    Runtime      # DAGs    # Errors  Last Runtime    Last Run
-------------------------------------------  -----  ---------  --------  ----------  --------------  -------------------
/opt/airflow/dags/insurance_pipeline_dag.py                           1           0  0.53s           2026-06-24T22:46:00
================================================================================
[2026-06-24T22:47:00.680+0000] {manager.py:878} INFO - 
================================================================================
DAG File Processing Stats

File Path                                    PID    Runtime      # DAGs    # Errors  Last Runtime    Last Run
-------------------------------------------  -----  ---------  --------  ----------  --------------  -------------------
/opt/airflow/dags/insurance_pipeline_dag.py                           1           0  0.20s           2026-06-24T22:46:30
================================================================================
[2026-06-24T22:47:30.978+0000] {manager.py:878} INFO - 
================================================================================
DAG File Processing Stats

File Path                                    PID    Runtime      # DAGs    # Errors  Last Runtime    Last Run
-------------------------------------------  -----  ---------  --------  ----------  --------------  -------------------
/opt/airflow/dags/insurance_pipeline_dag.py                           1           0  0.28s           2026-06-24T22:47:01
================================================================================
[2026-06-24T22:48:01.314+0000] {manager.py:878} INFO - 
================================================================================
DAG File Processing Stats

File Path                                    PID    Runtime      # DAGs    # Errors  Last Runtime    Last Run
-------------------------------------------  -----  ---------  --------  ----------  --------------  -------------------
/opt/airflow/dags/insurance_pipeline_dag.py                           1           0  0.23s           2026-06-24T22:47:31
================================================================================
[2026-06-24T22:48:31.627+0000] {manager.py:878} INFO - 
================================================================================
DAG File Processing Stats

File Path                                    PID    Runtime      # DAGs    # Errors  Last Runtime    Last Run
-------------------------------------------  -----  ---------  --------  ----------  --------------  -------------------
/opt/airflow/dags/insurance_pipeline_dag.py                           1           0  0.23s           2026-06-24T22:48:01
================================================================================
[2026-06-24T22:49:01.914+0000] {manager.py:878} INFO - 
================================================================================
DAG File Processing Stats

File Path                                    PID    Runtime      # DAGs    # Errors  Last Runtime    Last Run
-------------------------------------------  -----  ---------  --------  ----------  --------------  -------------------
/opt/airflow/dags/insurance_pipeline_dag.py                           1           0  0.21s           2026-06-24T22:48:32
================================================================================
[2026-06-24T22:49:32.207+0000] {manager.py:878} INFO - 
================================================================================
DAG File Processing Stats

File Path                                    PID    Runtime      # DAGs    # Errors  Last Runtime    Last Run
-------------------------------------------  -----  ---------  --------  ----------  --------------  -------------------
/opt/airflow/dags/insurance_pipeline_dag.py                           1           0  0.26s           2026-06-24T22:49:02
================================================================================
[2026-06-24T22:50:02.577+0000] {manager.py:878} INFO - 
================================================================================
DAG File Processing Stats

File Path                                    PID    Runtime      # DAGs    # Errors  Last Runtime    Last Run
-------------------------------------------  -----  ---------  --------  ----------  --------------  -------------------
/opt/airflow/dags/insurance_pipeline_dag.py                           1           0  0.33s           2026-06-24T22:49:32
================================================================================
[2026-06-24T22:50:29.961+0000] {manager.py:737} INFO - Searching for files in /opt/airflow/dags
[2026-06-24T22:50:30.015+0000] {manager.py:740} INFO - There are 1 files in /opt/airflow/dags
[2026-06-24T22:50:33.069+0000] {manager.py:878} INFO - 
================================================================================
DAG File Processing Stats

File Path                                    PID    Runtime      # DAGs    # Errors  Last Runtime    Last Run
-------------------------------------------  -----  ---------  --------  ----------  --------------  -------------------
/opt/airflow/dags/insurance_pipeline_dag.py                           1           0  0.23s           2026-06-24T22:50:03
================================================================================
[2026-06-24T22:51:03.265+0000] {manager.py:878} INFO - 
================================================================================
DAG File Processing Stats

File Path                                    PID    Runtime      # DAGs    # Errors  Last Runtime    Last Run
-------------------------------------------  -----  ---------  --------  ----------  --------------  -------------------
/opt/airflow/dags/insurance_pipeline_dag.py                           1           0  0.28s           2026-06-24T22:50:33
================================================================================
[2026-06-24T22:51:33.659+0000] {manager.py:878} INFO - 
================================================================================
DAG File Processing Stats

File Path                                    PID    Runtime      # DAGs    # Errors  Last Runtime    Last Run
-------------------------------------------  -----  ---------  --------  ----------  --------------  -------------------
/opt/airflow/dags/insurance_pipeline_dag.py                           1           0  0.24s           2026-06-24T22:51:03
================================================================================
[2026-06-24T22:52:03.952+0000] {manager.py:878} INFO - 
================================================================================
DAG File Processing Stats

File Path                                    PID    Runtime      # DAGs    # Errors  Last Runtime    Last Run
-------------------------------------------  -----  ---------  --------  ----------  --------------  -------------------
/opt/airflow/dags/insurance_pipeline_dag.py                           1           0  0.23s           2026-06-24T22:51:34
================================================================================
[2026-06-24T22:52:34.234+0000] {manager.py:878} INFO - 
================================================================================
DAG File Processing Stats

File Path                                    PID    Runtime      # DAGs    # Errors  Last Runtime    Last Run
-------------------------------------------  -----  ---------  --------  ----------  --------------  -------------------
/opt/airflow/dags/insurance_pipeline_dag.py                           1           0  0.20s           2026-06-24T22:52:04
================================================================================
[2026-06-24T22:53:04.530+0000] {manager.py:878} INFO - 
================================================================================
DAG File Processing Stats

File Path                                    PID    Runtime      # DAGs    # Errors  Last Runtime    Last Run
-------------------------------------------  -----  ---------  --------  ----------  --------------  -------------------
/opt/airflow/dags/insurance_pipeline_dag.py                           1           0  0.19s           2026-06-24T22:52:34
================================================================================
[2026-06-24T22:53:34.829+0000] {manager.py:878} INFO - 
================================================================================
DAG File Processing Stats

File Path                                    PID    Runtime      # DAGs    # Errors  Last Runtime    Last Run
-------------------------------------------  -----  ---------  --------  ----------  --------------  -------------------
/opt/airflow/dags/insurance_pipeline_dag.py                           1           0  0.22s           2026-06-24T22:53:04
================================================================================
[2026-06-24T22:54:05.116+0000] {manager.py:878} INFO - 
================================================================================
DAG File Processing Stats

File Path                                    PID    Runtime      # DAGs    # Errors  Last Runtime    Last Run
-------------------------------------------  -----  ---------  --------  ----------  --------------  -------------------
/opt/airflow/dags/insurance_pipeline_dag.py                           1           0  0.24s           2026-06-24T22:53:35
================================================================================
[2026-06-24T22:54:35.427+0000] {manager.py:878} INFO - 
================================================================================
DAG File Processing Stats

File Path                                    PID    Runtime      # DAGs    # Errors  Last Runtime    Last Run
-------------------------------------------  -----  ---------  --------  ----------  --------------  -------------------
/opt/airflow/dags/insurance_pipeline_dag.py                           1           0  0.22s           2026-06-24T22:54:05
================================================================================
[2026-06-24T22:55:05.714+0000] {manager.py:878} INFO - 
================================================================================
DAG File Processing Stats

File Path                                    PID    Runtime      # DAGs    # Errors  Last Runtime    Last Run
-------------------------------------------  -----  ---------  --------  ----------  --------------  -------------------
/opt/airflow/dags/insurance_pipeline_dag.py                           1           0  0.21s           2026-06-24T22:54:35
================================================================================
[2026-06-24T22:55:30.142+0000] {manager.py:737} INFO - Searching for files in /opt/airflow/dags
[2026-06-24T22:55:30.182+0000] {manager.py:740} INFO - There are 1 files in /opt/airflow/dags
[2026-06-24T22:55:36.000+0000] {manager.py:878} INFO - 
================================================================================
DAG File Processing Stats

File Path                                    PID    Runtime      # DAGs    # Errors  Last Runtime    Last Run
-------------------------------------------  -----  ---------  --------  ----------  --------------  -------------------
/opt/airflow/dags/insurance_pipeline_dag.py                           1           0  0.21s           2026-06-24T22:55:06
================================================================================
[2026-06-24T22:56:06.314+0000] {manager.py:878} INFO - 
================================================================================
DAG File Processing Stats

File Path                                    PID    Runtime      # DAGs    # Errors  Last Runtime    Last Run
-------------------------------------------  -----  ---------  --------  ----------  --------------  -------------------
/opt/airflow/dags/insurance_pipeline_dag.py                           1           0  0.24s           2026-06-24T22:55:36
================================================================================
[2026-06-24T22:56:36.622+0000] {manager.py:878} INFO - 
================================================================================
DAG File Processing Stats

File Path                                    PID    Runtime      # DAGs    # Errors  Last Runtime    Last Run
-------------------------------------------  -----  ---------  --------  ----------  --------------  -------------------
/opt/airflow/dags/insurance_pipeline_dag.py                           1           0  0.22s           2026-06-24T22:56:06
================================================================================
[2026-06-24T22:57:06.906+0000] {manager.py:878} INFO - 
================================================================================
DAG File Processing Stats

File Path                                    PID    Runtime      # DAGs    # Errors  Last Runtime    Last Run
-------------------------------------------  -----  ---------  --------  ----------  --------------  -------------------
/opt/airflow/dags/insurance_pipeline_dag.py                           1           0  0.24s           2026-06-24T22:56:37
================================================================================
[2026-06-24T22:57:37.226+0000] {manager.py:878} INFO - 
================================================================================
DAG File Processing Stats

File Path                                    PID    Runtime      # DAGs    # Errors  Last Runtime    Last Run
-------------------------------------------  -----  ---------  --------  ----------  --------------  -------------------
/opt/airflow/dags/insurance_pipeline_dag.py                           1           0  0.23s           2026-06-24T22:57:07
================================================================================
[2026-06-24T22:58:07.592+0000] {manager.py:878} INFO - 
================================================================================
DAG File Processing Stats

File Path                                    PID    Runtime      # DAGs    # Errors  Last Runtime    Last Run
-------------------------------------------  -----  ---------  --------  ----------  --------------  -------------------
/opt/airflow/dags/insurance_pipeline_dag.py                           1           0  0.26s           2026-06-24T22:57:37
================================================================================
[2026-06-24T22:58:37.926+0000] {manager.py:878} INFO - 
================================================================================
DAG File Processing Stats

File Path                                    PID    Runtime      # DAGs    # Errors  Last Runtime    Last Run
-------------------------------------------  -----  ---------  --------  ----------  --------------  -------------------
/opt/airflow/dags/insurance_pipeline_dag.py                           1           0  0.39s           2026-06-24T22:58:08
================================================================================
[2026-06-24T22:59:07.913+0000] {manager.py:878} INFO - 
================================================================================
DAG File Processing Stats

File Path                                    PID    Runtime      # DAGs    # Errors  Last Runtime    Last Run
-------------------------------------------  -----  ---------  --------  ----------  --------------  -------------------
/opt/airflow/dags/insurance_pipeline_dag.py                           1           0  0.50s           2026-06-24T22:58:38
================================================================================
[2026-06-24T22:59:37.840+0000] {manager.py:878} INFO - 
================================================================================
DAG File Processing Stats

File Path                                    PID    Runtime      # DAGs    # Errors  Last Runtime    Last Run
-------------------------------------------  -----  ---------  --------  ----------  --------------  -------------------
/opt/airflow/dags/insurance_pipeline_dag.py                           1           0  0.69s           2026-06-24T22:59:09
================================================================================
[2026-06-24T23:00:07.938+0000] {manager.py:878} INFO - 
================================================================================
DAG File Processing Stats

File Path                                    PID    Runtime      # DAGs    # Errors  Last Runtime    Last Run
-------------------------------------------  -----  ---------  --------  ----------  --------------  -------------------
/opt/airflow/dags/insurance_pipeline_dag.py                           1           0  0.12s           2026-06-24T22:59:39
================================================================================
[2026-06-24T23:00:30.202+0000] {manager.py:737} INFO - Searching for files in /opt/airflow/dags
[2026-06-24T23:00:30.240+0000] {manager.py:740} INFO - There are 1 files in /opt/airflow/dags
[2026-06-24T23:00:38.318+0000] {manager.py:878} INFO - 
================================================================================
DAG File Processing Stats

File Path                                    PID    Runtime      # DAGs    # Errors  Last Runtime    Last Run
-------------------------------------------  -----  ---------  --------  ----------  --------------  -------------------
/opt/airflow/dags/insurance_pipeline_dag.py                           1           0  0.21s           2026-06-24T23:00:10
================================================================================
[2026-06-24T23:01:08.513+0000] {manager.py:878} INFO - 
================================================================================
DAG File Processing Stats

File Path                                    PID    Runtime      # DAGs    # Errors  Last Runtime    Last Run
-------------------------------------------  -----  ---------  --------  ----------  --------------  -------------------
/opt/airflow/dags/insurance_pipeline_dag.py                           1           0  0.21s           2026-06-24T23:00:40
================================================================================
[2026-06-24T23:01:38.790+0000] {manager.py:878} INFO - 
================================================================================
DAG File Processing Stats

File Path                                    PID    Runtime      # DAGs    # Errors  Last Runtime    Last Run
-------------------------------------------  -----  ---------  --------  ----------  --------------  -------------------
/opt/airflow/dags/insurance_pipeline_dag.py                           1           0  0.26s           2026-06-24T23:01:10
================================================================================
[2026-06-24T23:02:09.151+0000] {manager.py:878} INFO - 
================================================================================
DAG File Processing Stats

File Path                                    PID    Runtime      # DAGs    # Errors  Last Runtime    Last Run
-------------------------------------------  -----  ---------  --------  ----------  --------------  -------------------
/opt/airflow/dags/insurance_pipeline_dag.py                           1           0  0.21s           2026-06-24T23:01:41
================================================================================
[2026-06-24T23:02:39.326+0000] {manager.py:878} INFO - 
================================================================================
DAG File Processing Stats

File Path                                    PID    Runtime      # DAGs    # Errors  Last Runtime    Last Run
-------------------------------------------  -----  ---------  --------  ----------  --------------  -------------------
/opt/airflow/dags/insurance_pipeline_dag.py                           1           0  0.22s           2026-06-24T23:02:11
================================================================================
[2026-06-24T23:03:09.654+0000] {manager.py:878} INFO - 
================================================================================
DAG File Processing Stats

File Path                                    PID    Runtime      # DAGs    # Errors  Last Runtime    Last Run
-------------------------------------------  -----  ---------  --------  ----------  --------------  -------------------
/opt/airflow/dags/insurance_pipeline_dag.py                           1           0  0.30s           2026-06-24T23:02:41
================================================================================
[2026-06-24T23:03:40.095+0000] {manager.py:878} INFO - 
================================================================================
DAG File Processing Stats

File Path                                    PID    Runtime      # DAGs    # Errors  Last Runtime    Last Run
-------------------------------------------  -----  ---------  --------  ----------  --------------  -------------------
/opt/airflow/dags/insurance_pipeline_dag.py                           1           0  0.29s           2026-06-24T23:03:12
================================================================================
[2026-06-24T23:04:10.450+0000] {manager.py:878} INFO - 
================================================================================
DAG File Processing Stats

File Path                                    PID    Runtime      # DAGs    # Errors  Last Runtime    Last Run
-------------------------------------------  -----  ---------  --------  ----------  --------------  -------------------
/opt/airflow/dags/insurance_pipeline_dag.py                           1           0  0.25s           2026-06-24T23:03:42
================================================================================
[2026-06-24T23:04:40.765+0000] {manager.py:878} INFO - 
================================================================================
DAG File Processing Stats

File Path                                    PID    Runtime      # DAGs    # Errors  Last Runtime    Last Run
-------------------------------------------  -----  ---------  --------  ----------  --------------  -------------------
/opt/airflow/dags/insurance_pipeline_dag.py                           1           0  0.23s           2026-06-24T23:04:12
================================================================================
[2026-06-24T23:05:11.058+0000] {manager.py:878} INFO - 
================================================================================
DAG File Processing Stats

File Path                                    PID    Runtime      # DAGs    # Errors  Last Runtime    Last Run
-------------------------------------------  -----  ---------  --------  ----------  --------------  -------------------
/opt/airflow/dags/insurance_pipeline_dag.py                           1           0  0.30s           2026-06-24T23:04:43
================================================================================
[2026-06-24T23:05:30.493+0000] {manager.py:737} INFO - Searching for files in /opt/airflow/dags
[2026-06-24T23:05:30.550+0000] {manager.py:740} INFO - There are 1 files in /opt/airflow/dags
[2026-06-24T23:05:41.508+0000] {manager.py:878} INFO - 
================================================================================
DAG File Processing Stats

File Path                                    PID    Runtime      # DAGs    # Errors  Last Runtime    Last Run
-------------------------------------------  -----  ---------  --------  ----------  --------------  -------------------
/opt/airflow/dags/insurance_pipeline_dag.py                           1           0  0.20s           2026-06-24T23:05:13
================================================================================
[2026-06-24T23:06:11.711+0000] {manager.py:878} INFO - 
================================================================================
DAG File Processing Stats

File Path                                    PID    Runtime      # DAGs    # Errors  Last Runtime    Last Run
-------------------------------------------  -----  ---------  --------  ----------  --------------  -------------------
/opt/airflow/dags/insurance_pipeline_dag.py                           1           0  0.19s           2026-06-24T23:05:43
================================================================================
[2026-06-24T23:06:41.973+0000] {manager.py:878} INFO - 
================================================================================
DAG File Processing Stats

File Path                                    PID    Runtime      # DAGs    # Errors  Last Runtime    Last Run
-------------------------------------------  -----  ---------  --------  ----------  --------------  -------------------
/opt/airflow/dags/insurance_pipeline_dag.py                           1           0  0.23s           2026-06-24T23:06:14
================================================================================
[2026-06-24T23:07:12.261+0000] {manager.py:878} INFO - 
================================================================================
DAG File Processing Stats

File Path                                    PID    Runtime      # DAGs    # Errors  Last Runtime    Last Run
-------------------------------------------  -----  ---------  --------  ----------  --------------  -------------------
/opt/airflow/dags/insurance_pipeline_dag.py                           1           0  0.21s           2026-06-24T23:06:44
================================================================================
[2026-06-24T23:07:42.655+0000] {manager.py:878} INFO - 
================================================================================
DAG File Processing Stats

File Path                                    PID    Runtime      # DAGs    # Errors  Last Runtime    Last Run
-------------------------------------------  -----  ---------  --------  ----------  --------------  -------------------
/opt/airflow/dags/insurance_pipeline_dag.py                           1           0  0.20s           2026-06-24T23:07:14
================================================================================
[2026-06-24T23:08:12.622+0000] {manager.py:878} INFO - 
================================================================================
DAG File Processing Stats

File Path                                    PID    Runtime      # DAGs    # Errors  Last Runtime    Last Run
-------------------------------------------  -----  ---------  --------  ----------  --------------  -------------------
/opt/airflow/dags/insurance_pipeline_dag.py                           1           0  0.47s           2026-06-24T23:07:45
================================================================================
[2026-06-24T23:08:42.638+0000] {manager.py:878} INFO - 
================================================================================
DAG File Processing Stats

File Path                                    PID    Runtime      # DAGs    # Errors  Last Runtime    Last Run
-------------------------------------------  -----  ---------  --------  ----------  --------------  -------------------
/opt/airflow/dags/insurance_pipeline_dag.py                           1           0  0.69s           2026-06-24T23:08:16
================================================================================
[2026-06-24T23:09:12.932+0000] {manager.py:878} INFO - 
================================================================================
DAG File Processing Stats

File Path                                    PID    Runtime      # DAGs    # Errors  Last Runtime    Last Run
-------------------------------------------  -----  ---------  --------  ----------  --------------  -------------------
/opt/airflow/dags/insurance_pipeline_dag.py                           1           0  0.47s           2026-06-24T23:08:47
================================================================================
[2026-06-24T23:09:43.019+0000] {manager.py:878} INFO - 
================================================================================
DAG File Processing Stats

File Path                                    PID    Runtime      # DAGs    # Errors  Last Runtime    Last Run
-------------------------------------------  -----  ---------  --------  ----------  --------------  -------------------
/opt/airflow/dags/insurance_pipeline_dag.py                           1           0  0.55s           2026-06-24T23:09:18
================================================================================
[2026-06-24T23:10:12.877+0000] {manager.py:878} INFO - 
================================================================================
DAG File Processing Stats

File Path                                    PID    Runtime      # DAGs    # Errors  Last Runtime    Last Run
-------------------------------------------  -----  ---------  --------  ----------  --------------  -------------------
/opt/airflow/dags/insurance_pipeline_dag.py                           1           0  0.41s           2026-06-24T23:09:48
================================================================================
[2026-06-24T23:10:30.650+0000] {manager.py:737} INFO - Searching for files in /opt/airflow/dags
[2026-06-24T23:10:30.936+0000] {manager.py:740} INFO - There are 1 files in /opt/airflow/dags
[2026-06-24T23:10:43.145+0000] {manager.py:878} INFO - 
================================================================================
DAG File Processing Stats

File Path                                    PID    Runtime      # DAGs    # Errors  Last Runtime    Last Run
-------------------------------------------  -----  ---------  --------  ----------  --------------  -------------------
/opt/airflow/dags/insurance_pipeline_dag.py                           1           0  1.67s           2026-06-24T23:10:20
================================================================================
[2026-06-24T23:11:13.583+0000] {manager.py:878} INFO - 
================================================================================
DAG File Processing Stats

File Path                                    PID    Runtime      # DAGs    # Errors  Last Runtime    Last Run
-------------------------------------------  -----  ---------  --------  ----------  --------------  -------------------
/opt/airflow/dags/insurance_pipeline_dag.py                           1           0  1.72s           2026-06-24T23:10:53
================================================================================
[2026-06-24T23:11:44.038+0000] {manager.py:878} INFO - 
================================================================================
DAG File Processing Stats

File Path                                    PID    Runtime      # DAGs    # Errors  Last Runtime    Last Run
-------------------------------------------  -----  ---------  --------  ----------  --------------  -------------------
/opt/airflow/dags/insurance_pipeline_dag.py                           1           0  0.32s           2026-06-24T23:11:24
================================================================================
[2026-06-24T23:12:14.173+0000] {manager.py:878} INFO - 
================================================================================
DAG File Processing Stats

File Path                                    PID    Runtime      # DAGs    # Errors  Last Runtime    Last Run
-------------------------------------------  -----  ---------  --------  ----------  --------------  -------------------
/opt/airflow/dags/insurance_pipeline_dag.py                           1           0  0.22s           2026-06-24T23:11:54
================================================================================
[2026-06-24T23:12:44.458+0000] {manager.py:878} INFO - 
================================================================================
DAG File Processing Stats

File Path                                    PID    Runtime      # DAGs    # Errors  Last Runtime    Last Run
-------------------------------------------  -----  ---------  --------  ----------  --------------  -------------------
/opt/airflow/dags/insurance_pipeline_dag.py                           1           0  0.25s           2026-06-24T23:12:24
================================================================================
[2026-06-24T23:13:14.789+0000] {manager.py:878} INFO - 
================================================================================
DAG File Processing Stats

File Path                                    PID    Runtime      # DAGs    # Errors  Last Runtime    Last Run
-------------------------------------------  -----  ---------  --------  ----------  --------------  -------------------
/opt/airflow/dags/insurance_pipeline_dag.py                           1           0  0.24s           2026-06-24T23:12:55
================================================================================
[2026-06-24T23:13:45.107+0000] {manager.py:878} INFO - 
================================================================================
DAG File Processing Stats

File Path                                    PID    Runtime      # DAGs    # Errors  Last Runtime    Last Run
-------------------------------------------  -----  ---------  --------  ----------  --------------  -------------------
/opt/airflow/dags/insurance_pipeline_dag.py                           1           0  0.23s           2026-06-24T23:13:25
================================================================================
[2026-06-24T23:14:15.388+0000] {manager.py:878} INFO - 
================================================================================
DAG File Processing Stats

File Path                                    PID    Runtime      # DAGs    # Errors  Last Runtime    Last Run
-------------------------------------------  -----  ---------  --------  ----------  --------------  -------------------
/opt/airflow/dags/insurance_pipeline_dag.py                           1           0  0.23s           2026-06-24T23:13:55
================================================================================
[2026-06-24T23:14:45.679+0000] {manager.py:878} INFO - 
================================================================================
DAG File Processing Stats

File Path                                    PID    Runtime      # DAGs    # Errors  Last Runtime    Last Run
-------------------------------------------  -----  ---------  --------  ----------  --------------  -------------------
/opt/airflow/dags/insurance_pipeline_dag.py                           1           0  0.20s           2026-06-24T23:14:25
================================================================================
[2026-06-24T23:15:15.923+0000] {manager.py:878} INFO - 
================================================================================
DAG File Processing Stats

File Path                                    PID    Runtime      # DAGs    # Errors  Last Runtime    Last Run
-------------------------------------------  -----  ---------  --------  ----------  --------------  -------------------
/opt/airflow/dags/insurance_pipeline_dag.py                           1           0  0.24s           2026-06-24T23:14:56
================================================================================
[2026-06-24T23:15:31.271+0000] {manager.py:737} INFO - Searching for files in /opt/airflow/dags
[2026-06-24T23:15:31.327+0000] {manager.py:740} INFO - There are 1 files in /opt/airflow/dags
[2026-06-24T23:15:46.302+0000] {manager.py:878} INFO - 
================================================================================
DAG File Processing Stats

File Path                                    PID    Runtime      # DAGs    # Errors  Last Runtime    Last Run
-------------------------------------------  -----  ---------  --------  ----------  --------------  -------------------
/opt/airflow/dags/insurance_pipeline_dag.py                           1           0  0.20s           2026-06-24T23:15:26
================================================================================
[2026-06-24T23:16:16.470+0000] {manager.py:878} INFO - 
================================================================================
DAG File Processing Stats

File Path                                    PID    Runtime      # DAGs    # Errors  Last Runtime    Last Run
-------------------------------------------  -----  ---------  --------  ----------  --------------  -------------------
/opt/airflow/dags/insurance_pipeline_dag.py                           1           0  0.25s           2026-06-24T23:15:56
================================================================================
[2026-06-24T23:16:46.780+0000] {manager.py:878} INFO - 
================================================================================
DAG File Processing Stats

File Path                                    PID    Runtime      # DAGs    # Errors  Last Runtime    Last Run
-------------------------------------------  -----  ---------  --------  ----------  --------------  -------------------
/opt/airflow/dags/insurance_pipeline_dag.py                           1           0  0.22s           2026-06-24T23:16:27
================================================================================
[2026-06-24T23:17:17.051+0000] {manager.py:878} INFO - 
================================================================================
DAG File Processing Stats

File Path                                    PID    Runtime      # DAGs    # Errors  Last Runtime    Last Run
-------------------------------------------  -----  ---------  --------  ----------  --------------  -------------------
/opt/airflow/dags/insurance_pipeline_dag.py                           1           0  0.21s           2026-06-24T23:16:57
================================================================================
[2026-06-24T23:17:47.354+0000] {manager.py:878} INFO - 
================================================================================
DAG File Processing Stats

File Path                                    PID    Runtime      # DAGs    # Errors  Last Runtime    Last Run
-------------------------------------------  -----  ---------  --------  ----------  --------------  -------------------
/opt/airflow/dags/insurance_pipeline_dag.py                           1           0  0.29s           2026-06-24T23:17:27
================================================================================
[2026-06-24T23:18:17.695+0000] {manager.py:878} INFO - 
================================================================================
DAG File Processing Stats

File Path                                    PID    Runtime      # DAGs    # Errors  Last Runtime    Last Run
-------------------------------------------  -----  ---------  --------  ----------  --------------  -------------------
/opt/airflow/dags/insurance_pipeline_dag.py                           1           0  0.24s           2026-06-24T23:17:57
================================================================================
[2026-06-24T23:18:48.037+0000] {manager.py:878} INFO - 
================================================================================
DAG File Processing Stats

File Path                                    PID    Runtime      # DAGs    # Errors  Last Runtime    Last Run
-------------------------------------------  -----  ---------  --------  ----------  --------------  -------------------
/opt/airflow/dags/insurance_pipeline_dag.py                           1           0  0.28s           2026-06-24T23:18:28
================================================================================
[2026-06-24T23:19:18.454+0000] {manager.py:878} INFO - 
================================================================================
DAG File Processing Stats

File Path                                    PID    Runtime      # DAGs    # Errors  Last Runtime    Last Run
-------------------------------------------  -----  ---------  --------  ----------  --------------  -------------------
/opt/airflow/dags/insurance_pipeline_dag.py                           1           0  0.33s           2026-06-24T23:18:58
================================================================================
[2026-06-24T23:19:48.370+0000] {manager.py:878} INFO - 
================================================================================
DAG File Processing Stats

File Path                                    PID    Runtime      # DAGs    # Errors  Last Runtime    Last Run
-------------------------------------------  -----  ---------  --------  ----------  --------------  -------------------
/opt/airflow/dags/insurance_pipeline_dag.py                           1           0  0.51s           2026-06-24T23:19:29
================================================================================
[2026-06-24T23:20:18.476+0000] {manager.py:878} INFO - 
================================================================================
DAG File Processing Stats

File Path                                    PID    Runtime      # DAGs    # Errors  Last Runtime    Last Run
-------------------------------------------  -----  ---------  --------  ----------  --------------  -------------------
/opt/airflow/dags/insurance_pipeline_dag.py                           1           0  0.41s           2026-06-24T23:19:59
================================================================================
[2026-06-24T23:20:31.430+0000] {manager.py:737} INFO - Searching for files in /opt/airflow/dags
[2026-06-24T23:20:31.479+0000] {manager.py:740} INFO - There are 1 files in /opt/airflow/dags
[2026-06-24T23:20:48.482+0000] {manager.py:878} INFO - 
================================================================================
DAG File Processing Stats

File Path                                    PID    Runtime      # DAGs    # Errors  Last Runtime    Last Run
-------------------------------------------  -----  ---------  --------  ----------  --------------  -------------------
/opt/airflow/dags/insurance_pipeline_dag.py                           1           0  0.40s           2026-06-24T23:20:30
================================================================================
[2026-06-24T23:21:18.607+0000] {manager.py:878} INFO - 
================================================================================
DAG File Processing Stats

File Path                                    PID    Runtime      # DAGs    # Errors  Last Runtime    Last Run
-------------------------------------------  -----  ---------  --------  ----------  --------------  -------------------
/opt/airflow/dags/insurance_pipeline_dag.py                           1           0  0.26s           2026-06-24T23:21:00
================================================================================
[2026-06-24T23:21:48.582+0000] {manager.py:878} INFO - 
================================================================================
DAG File Processing Stats

File Path                                    PID    Runtime      # DAGs    # Errors  Last Runtime    Last Run
-------------------------------------------  -----  ---------  --------  ----------  --------------  -------------------
/opt/airflow/dags/insurance_pipeline_dag.py                           1           0  0.32s           2026-06-24T23:21:31
================================================================================
[2026-06-24T23:22:18.588+0000] {manager.py:878} INFO - 
================================================================================
DAG File Processing Stats

File Path                                    PID    Runtime      # DAGs    # Errors  Last Runtime    Last Run
-------------------------------------------  -----  ---------  --------  ----------  --------------  -------------------
/opt/airflow/dags/insurance_pipeline_dag.py                           1           0  0.41s           2026-06-24T23:22:02
================================================================================
[2026-06-24T23:22:48.408+0000] {manager.py:878} INFO - 
================================================================================
DAG File Processing Stats

File Path                                    PID    Runtime      # DAGs    # Errors  Last Runtime    Last Run
-------------------------------------------  -----  ---------  --------  ----------  --------------  -------------------
/opt/airflow/dags/insurance_pipeline_dag.py                           1           0  0.43s           2026-06-24T23:22:33
================================================================================
[2026-06-24T23:23:18.662+0000] {manager.py:878} INFO - 
================================================================================
DAG File Processing Stats

File Path                                    PID    Runtime      # DAGs    # Errors  Last Runtime    Last Run
-------------------------------------------  -----  ---------  --------  ----------  --------------  -------------------
/opt/airflow/dags/insurance_pipeline_dag.py                           1           0  0.45s           2026-06-24T23:23:04
================================================================================
[2026-06-24T23:23:48.425+0000] {manager.py:878} INFO - 
================================================================================
DAG File Processing Stats

File Path                                    PID    Runtime      # DAGs    # Errors  Last Runtime    Last Run
-------------------------------------------  -----  ---------  --------  ----------  --------------  -------------------
/opt/airflow/dags/insurance_pipeline_dag.py                           1           0  0.30s           2026-06-24T23:23:35
================================================================================
[2026-06-24T23:24:18.068+0000] {manager.py:878} INFO - 
================================================================================
DAG File Processing Stats

File Path                                    PID    Runtime      # DAGs    # Errors  Last Runtime    Last Run
-------------------------------------------  -----  ---------  --------  ----------  --------------  -------------------
/opt/airflow/dags/insurance_pipeline_dag.py                           1           0  0.22s           2026-06-24T23:24:06
================================================================================
[2026-06-24T23:24:47.836+0000] {manager.py:878} INFO - 
================================================================================
DAG File Processing Stats

File Path                                    PID    Runtime      # DAGs    # Errors  Last Runtime    Last Run
-------------------------------------------  -----  ---------  --------  ----------  --------------  -------------------
/opt/airflow/dags/insurance_pipeline_dag.py                           1           0  0.22s           2026-06-24T23:24:36
================================================================================
[2026-06-24T23:25:17.533+0000] {manager.py:878} INFO - 
================================================================================
DAG File Processing Stats

File Path                                    PID    Runtime      # DAGs    # Errors  Last Runtime    Last Run
-------------------------------------------  -----  ---------  --------  ----------  --------------  -------------------
/opt/airflow/dags/insurance_pipeline_dag.py                           1           0  0.21s           2026-06-24T23:25:07
================================================================================
[2026-06-24T23:25:32.042+0000] {manager.py:737} INFO - Searching for files in /opt/airflow/dags
[2026-06-24T23:25:32.078+0000] {manager.py:740} INFO - There are 1 files in /opt/airflow/dags
[2026-06-24T23:25:47.366+0000] {manager.py:878} INFO - 
================================================================================
DAG File Processing Stats

File Path                                    PID    Runtime      # DAGs    # Errors  Last Runtime    Last Run
-------------------------------------------  -----  ---------  --------  ----------  --------------  -------------------
/opt/airflow/dags/insurance_pipeline_dag.py                           1           0  0.39s           2026-06-24T23:25:38
================================================================================
[2026-06-24T23:26:17.259+0000] {manager.py:878} INFO - 
================================================================================
DAG File Processing Stats

File Path                                    PID    Runtime      # DAGs    # Errors  Last Runtime    Last Run
-------------------------------------------  -----  ---------  --------  ----------  --------------  -------------------
/opt/airflow/dags/insurance_pipeline_dag.py                           1           0  0.28s           2026-06-24T23:26:09
================================================================================
[2026-06-24T23:26:46.898+0000] {manager.py:878} INFO - 
================================================================================
DAG File Processing Stats

File Path                                    PID    Runtime      # DAGs    # Errors  Last Runtime    Last Run
-------------------------------------------  -----  ---------  --------  ----------  --------------  -------------------
/opt/airflow/dags/insurance_pipeline_dag.py                           1           0  0.28s           2026-06-24T23:26:40
================================================================================
[2026-06-24T23:27:16.539+0000] {manager.py:878} INFO - 
================================================================================
DAG File Processing Stats

File Path                                    PID    Runtime      # DAGs    # Errors  Last Runtime    Last Run
-------------------------------------------  -----  ---------  --------  ----------  --------------  -------------------
/opt/airflow/dags/insurance_pipeline_dag.py                           1           0  0.24s           2026-06-24T23:27:10
================================================================================
[2026-06-24T23:27:46.358+0000] {manager.py:878} INFO - 
================================================================================
DAG File Processing Stats

File Path                                    PID    Runtime      # DAGs    # Errors  Last Runtime    Last Run
-------------------------------------------  -----  ---------  --------  ----------  --------------  -------------------
/opt/airflow/dags/insurance_pipeline_dag.py                           1           0  0.24s           2026-06-24T23:27:41
================================================================================
[2026-06-24T23:28:15.984+0000] {manager.py:878} INFO - 
================================================================================
DAG File Processing Stats

File Path                                    PID    Runtime      # DAGs    # Errors  Last Runtime    Last Run
-------------------------------------------  -----  ---------  --------  ----------  --------------  -------------------
/opt/airflow/dags/insurance_pipeline_dag.py                           1           0  0.22s           2026-06-24T23:28:12
================================================================================
[2026-06-24T23:28:45.779+0000] {manager.py:878} INFO - 
================================================================================
DAG File Processing Stats

File Path                                    PID    Runtime      # DAGs    # Errors  Last Runtime    Last Run
-------------------------------------------  -----  ---------  --------  ----------  --------------  -------------------
/opt/airflow/dags/insurance_pipeline_dag.py                           1           0  0.24s           2026-06-24T23:28:42
================================================================================
[2026-06-24T23:29:15.477+0000] {manager.py:878} INFO - 
================================================================================
DAG File Processing Stats

File Path                                    PID    Runtime      # DAGs    # Errors  Last Runtime    Last Run
-------------------------------------------  -----  ---------  --------  ----------  --------------  -------------------
/opt/airflow/dags/insurance_pipeline_dag.py                           1           0  0.28s           2026-06-24T23:29:13
================================================================================
[2026-06-24T23:29:45.309+0000] {manager.py:878} INFO - 
================================================================================
DAG File Processing Stats

File Path                                    PID    Runtime      # DAGs    # Errors  Last Runtime    Last Run
-------------------------------------------  -----  ---------  --------  ----------  --------------  -------------------
/opt/airflow/dags/insurance_pipeline_dag.py                           1           0  0.23s           2026-06-24T23:29:44
================================================================================
[2026-06-24T23:30:14.927+0000] {manager.py:878} INFO - 
================================================================================
DAG File Processing Stats

File Path                                      PID  Runtime      # DAGs    # Errors  Last Runtime    Last Run
-------------------------------------------  -----  ---------  --------  ----------  --------------  -------------------
/opt/airflow/dags/insurance_pipeline_dag.py   1310  0.01s             1           0  0.23s           2026-06-24T23:29:44
================================================================================
[2026-06-24T23:30:32.464+0000] {manager.py:737} INFO - Searching for files in /opt/airflow/dags
[2026-06-24T23:30:32.498+0000] {manager.py:740} INFO - There are 1 files in /opt/airflow/dags
[2026-06-24T23:30:44.613+0000] {manager.py:878} INFO - 
================================================================================
DAG File Processing Stats

File Path                                    PID    Runtime      # DAGs    # Errors  Last Runtime    Last Run
-------------------------------------------  -----  ---------  --------  ----------  --------------  -------------------
/opt/airflow/dags/insurance_pipeline_dag.py                           1           0  0.22s           2026-06-24T23:30:15
================================================================================
[2026-06-24T23:31:14.302+0000] {manager.py:878} INFO - 
================================================================================
DAG File Processing Stats

File Path                                    PID    Runtime      # DAGs    # Errors  Last Runtime    Last Run
-------------------------------------------  -----  ---------  --------  ----------  --------------  -------------------
/opt/airflow/dags/insurance_pipeline_dag.py                           1           0  0.22s           2026-06-24T23:30:45
================================================================================
[2026-06-24T23:31:43.976+0000] {manager.py:878} INFO - 
================================================================================
DAG File Processing Stats

File Path                                    PID    Runtime      # DAGs    # Errors  Last Runtime    Last Run
-------------------------------------------  -----  ---------  --------  ----------  --------------  -------------------
/opt/airflow/dags/insurance_pipeline_dag.py                           1           0  0.22s           2026-06-24T23:31:16
================================================================================
[2026-06-24T23:32:13.738+0000] {manager.py:878} INFO - 
================================================================================
DAG File Processing Stats

File Path                                    PID    Runtime      # DAGs    # Errors  Last Runtime    Last Run
-------------------------------------------  -----  ---------  --------  ----------  --------------  -------------------
/opt/airflow/dags/insurance_pipeline_dag.py                           1           0  0.22s           2026-06-24T23:31:47
================================================================================
[2026-06-24T23:32:43.377+0000] {manager.py:878} INFO - 
================================================================================
DAG File Processing Stats

File Path                                    PID    Runtime      # DAGs    # Errors  Last Runtime    Last Run
-------------------------------------------  -----  ---------  --------  ----------  --------------  -------------------
/opt/airflow/dags/insurance_pipeline_dag.py                           1           0  0.22s           2026-06-24T23:32:18
================================================================================
[2026-06-24T23:33:13.130+0000] {manager.py:878} INFO - 
================================================================================
DAG File Processing Stats

File Path                                    PID    Runtime      # DAGs    # Errors  Last Runtime    Last Run
-------------------------------------------  -----  ---------  --------  ----------  --------------  -------------------
/opt/airflow/dags/insurance_pipeline_dag.py                           1           0  0.21s           2026-06-24T23:32:48
================================================================================
[2026-06-24T23:33:42.774+0000] {manager.py:878} INFO - 
================================================================================
DAG File Processing Stats

File Path                                    PID    Runtime      # DAGs    # Errors  Last Runtime    Last Run
-------------------------------------------  -----  ---------  --------  ----------  --------------  -------------------
/opt/airflow/dags/insurance_pipeline_dag.py                           1           0  0.28s           2026-06-24T23:33:19
================================================================================
[2026-06-24T23:34:12.537+0000] {manager.py:878} INFO - 
================================================================================
DAG File Processing Stats

File Path                                    PID    Runtime      # DAGs    # Errors  Last Runtime    Last Run
-------------------------------------------  -----  ---------  --------  ----------  --------------  -------------------
/opt/airflow/dags/insurance_pipeline_dag.py                           1           0  0.30s           2026-06-24T23:33:50
================================================================================
[2026-06-24T23:34:42.182+0000] {manager.py:878} INFO - 
================================================================================
DAG File Processing Stats

File Path                                    PID    Runtime      # DAGs    # Errors  Last Runtime    Last Run
-------------------------------------------  -----  ---------  --------  ----------  --------------  -------------------
/opt/airflow/dags/insurance_pipeline_dag.py                           1           0  0.21s           2026-06-24T23:34:21
================================================================================
[2026-06-24T23:35:11.963+0000] {manager.py:878} INFO - 
================================================================================
DAG File Processing Stats

File Path                                    PID    Runtime      # DAGs    # Errors  Last Runtime    Last Run
-------------------------------------------  -----  ---------  --------  ----------  --------------  -------------------
/opt/airflow/dags/insurance_pipeline_dag.py                           1           0  0.33s           2026-06-24T23:34:51
================================================================================
[2026-06-24T23:35:32.652+0000] {manager.py:737} INFO - Searching for files in /opt/airflow/dags
[2026-06-24T23:35:32.692+0000] {manager.py:740} INFO - There are 1 files in /opt/airflow/dags
[2026-06-24T23:35:41.788+0000] {manager.py:878} INFO - 
================================================================================
DAG File Processing Stats

File Path                                    PID    Runtime      # DAGs    # Errors  Last Runtime    Last Run
-------------------------------------------  -----  ---------  --------  ----------  --------------  -------------------
/opt/airflow/dags/insurance_pipeline_dag.py                           1           0  0.26s           2026-06-24T23:35:22
================================================================================
[2026-06-24T23:36:11.424+0000] {manager.py:878} INFO - 
================================================================================
DAG File Processing Stats

File Path                                    PID    Runtime      # DAGs    # Errors  Last Runtime    Last Run
-------------------------------------------  -----  ---------  --------  ----------  --------------  -------------------
/opt/airflow/dags/insurance_pipeline_dag.py                           1           0  0.27s           2026-06-24T23:35:53
================================================================================
[2026-06-24T23:36:41.256+0000] {manager.py:878} INFO - 
================================================================================
DAG File Processing Stats

File Path                                    PID    Runtime      # DAGs    # Errors  Last Runtime    Last Run
-------------------------------------------  -----  ---------  --------  ----------  --------------  -------------------
/opt/airflow/dags/insurance_pipeline_dag.py                           1           0  0.37s           2026-06-24T23:36:24
================================================================================
[2026-06-24T23:37:10.982+0000] {manager.py:878} INFO - 
================================================================================
DAG File Processing Stats

File Path                                    PID    Runtime      # DAGs    # Errors  Last Runtime    Last Run
-------------------------------------------  -----  ---------  --------  ----------  --------------  -------------------
/opt/airflow/dags/insurance_pipeline_dag.py                           1           0  0.28s           2026-06-24T23:36:55
================================================================================
[2026-06-24T23:37:40.724+0000] {manager.py:878} INFO - 
================================================================================
DAG File Processing Stats

File Path                                    PID    Runtime      # DAGs    # Errors  Last Runtime    Last Run
-------------------------------------------  -----  ---------  --------  ----------  --------------  -------------------
/opt/airflow/dags/insurance_pipeline_dag.py                           1           0  0.30s           2026-06-24T23:37:25
================================================================================
[2026-06-24T23:38:10.415+0000] {manager.py:878} INFO - 
================================================================================
DAG File Processing Stats

File Path                                    PID    Runtime      # DAGs    # Errors  Last Runtime    Last Run
-------------------------------------------  -----  ---------  --------  ----------  --------------  -------------------
/opt/airflow/dags/insurance_pipeline_dag.py                           1           0  0.24s           2026-06-24T23:37:56
================================================================================
[2026-06-24T23:38:40.064+0000] {manager.py:878} INFO - 
================================================================================
DAG File Processing Stats

File Path                                    PID    Runtime      # DAGs    # Errors  Last Runtime    Last Run
-------------------------------------------  -----  ---------  --------  ----------  --------------  -------------------
/opt/airflow/dags/insurance_pipeline_dag.py                           1           0  0.27s           2026-06-24T23:38:27
================================================================================
[2026-06-24T23:39:09.910+0000] {manager.py:878} INFO - 
================================================================================
DAG File Processing Stats

File Path                                    PID    Runtime      # DAGs    # Errors  Last Runtime    Last Run
-------------------------------------------  -----  ---------  --------  ----------  --------------  -------------------
/opt/airflow/dags/insurance_pipeline_dag.py                           1           0  0.26s           2026-06-24T23:38:57
================================================================================
[2026-06-24T23:39:39.511+0000] {manager.py:878} INFO - 
================================================================================
DAG File Processing Stats

File Path                                    PID    Runtime      # DAGs    # Errors  Last Runtime    Last Run
-------------------------------------------  -----  ---------  --------  ----------  --------------  -------------------
/opt/airflow/dags/insurance_pipeline_dag.py                           1           0  0.27s           2026-06-24T23:39:28
================================================================================
[2026-06-24T23:40:09.319+0000] {manager.py:878} INFO - 
================================================================================
DAG File Processing Stats

File Path                                    PID    Runtime      # DAGs    # Errors  Last Runtime    Last Run
-------------------------------------------  -----  ---------  --------  ----------  --------------  -------------------
/opt/airflow/dags/insurance_pipeline_dag.py                           1           0  0.28s           2026-06-24T23:39:59
================================================================================
[2026-06-24T23:40:32.923+0000] {manager.py:737} INFO - Searching for files in /opt/airflow/dags
[2026-06-24T23:40:33.005+0000] {manager.py:740} INFO - There are 1 files in /opt/airflow/dags
[2026-06-24T23:40:38.814+0000] {manager.py:878} INFO - 
================================================================================
DAG File Processing Stats

File Path                                    PID    Runtime      # DAGs    # Errors  Last Runtime    Last Run
-------------------------------------------  -----  ---------  --------  ----------  --------------  -------------------
/opt/airflow/dags/insurance_pipeline_dag.py                           1           0  0.55s           2026-06-24T23:40:30
================================================================================
[2026-06-24T23:41:08.394+0000] {manager.py:878} INFO - 
================================================================================
DAG File Processing Stats

File Path                                    PID    Runtime      # DAGs    # Errors  Last Runtime    Last Run
-------------------------------------------  -----  ---------  --------  ----------  --------------  -------------------
/opt/airflow/dags/insurance_pipeline_dag.py                           1           0  0.43s           2026-06-24T23:41:01
================================================================================
[2026-06-24T23:41:38.018+0000] {manager.py:878} INFO - 
================================================================================
DAG File Processing Stats

File Path                                    PID    Runtime      # DAGs    # Errors  Last Runtime    Last Run
-------------------------------------------  -----  ---------  --------  ----------  --------------  -------------------
/opt/airflow/dags/insurance_pipeline_dag.py                           1           0  0.25s           2026-06-24T23:41:31
================================================================================
[2026-06-24T23:42:07.716+0000] {manager.py:878} INFO - 
================================================================================
DAG File Processing Stats

File Path                                    PID    Runtime      # DAGs    # Errors  Last Runtime    Last Run
-------------------------------------------  -----  ---------  --------  ----------  --------------  -------------------
/opt/airflow/dags/insurance_pipeline_dag.py                           1           0  0.28s           2026-06-24T23:42:02
================================================================================
[2026-06-24T23:42:37.338+0000] {manager.py:878} INFO - 
================================================================================
DAG File Processing Stats

File Path                                    PID    Runtime      # DAGs    # Errors  Last Runtime    Last Run
-------------------------------------------  -----  ---------  --------  ----------  --------------  -------------------
/opt/airflow/dags/insurance_pipeline_dag.py                           1           0  0.22s           2026-06-24T23:42:33
================================================================================
[2026-06-24T23:43:07.031+0000] {manager.py:878} INFO - 
================================================================================
DAG File Processing Stats

File Path                                    PID    Runtime      # DAGs    # Errors  Last Runtime    Last Run
-------------------------------------------  -----  ---------  --------  ----------  --------------  -------------------
/opt/airflow/dags/insurance_pipeline_dag.py                           1           0  0.23s           2026-06-24T23:43:03
================================================================================
[2026-06-24T23:43:36.633+0000] {manager.py:878} INFO - 
================================================================================
DAG File Processing Stats

File Path                                    PID    Runtime      # DAGs    # Errors  Last Runtime    Last Run
-------------------------------------------  -----  ---------  --------  ----------  --------------  -------------------
/opt/airflow/dags/insurance_pipeline_dag.py                           1           0  0.22s           2026-06-24T23:43:34
================================================================================
[2026-06-24T23:44:06.319+0000] {manager.py:878} INFO - 
================================================================================
DAG File Processing Stats

File Path                                    PID    Runtime      # DAGs    # Errors  Last Runtime    Last Run
-------------------------------------------  -----  ---------  --------  ----------  --------------  -------------------
/opt/airflow/dags/insurance_pipeline_dag.py                           1           0  0.39s           2026-06-24T23:44:05
================================================================================
[2026-06-24T23:44:35.921+0000] {manager.py:878} INFO - 
================================================================================
DAG File Processing Stats

File Path                                      PID  Runtime      # DAGs    # Errors  Last Runtime    Last Run
-------------------------------------------  -----  ---------  --------  ----------  --------------  -------------------
/opt/airflow/dags/insurance_pipeline_dag.py   1450  0.01s             1           0  0.39s           2026-06-24T23:44:05
================================================================================
[2026-06-24T23:45:05.719+0000] {manager.py:878} INFO - 
================================================================================
DAG File Processing Stats

File Path                                    PID    Runtime      # DAGs    # Errors  Last Runtime    Last Run
-------------------------------------------  -----  ---------  --------  ----------  --------------  -------------------
/opt/airflow/dags/insurance_pipeline_dag.py                           1           0  0.31s           2026-06-24T23:44:36
================================================================================
[2026-06-24T23:45:33.428+0000] {manager.py:737} INFO - Searching for files in /opt/airflow/dags
[2026-06-24T23:45:33.539+0000] {manager.py:740} INFO - There are 1 files in /opt/airflow/dags
[2026-06-24T23:45:35.605+0000] {manager.py:878} INFO - 
================================================================================
DAG File Processing Stats

File Path                                    PID    Runtime      # DAGs    # Errors  Last Runtime    Last Run
-------------------------------------------  -----  ---------  --------  ----------  --------------  -------------------
/opt/airflow/dags/insurance_pipeline_dag.py                           1           0  0.25s           2026-06-24T23:45:06
================================================================================
[2026-06-24T23:46:05.277+0000] {manager.py:878} INFO - 
================================================================================
DAG File Processing Stats

File Path                                    PID    Runtime      # DAGs    # Errors  Last Runtime    Last Run
-------------------------------------------  -----  ---------  --------  ----------  --------------  -------------------
/opt/airflow/dags/insurance_pipeline_dag.py                           1           0  0.54s           2026-06-24T23:45:38
================================================================================
[2026-06-24T23:46:35.529+0000] {manager.py:878} INFO - 
================================================================================
DAG File Processing Stats

File Path                                    PID    Runtime      # DAGs    # Errors  Last Runtime    Last Run
-------------------------------------------  -----  ---------  --------  ----------  --------------  -------------------
/opt/airflow/dags/insurance_pipeline_dag.py                           1           0  0.55s           2026-06-24T23:46:08
================================================================================
[2026-06-24T23:47:05.270+0000] {manager.py:878} INFO - 
================================================================================
DAG File Processing Stats

File Path                                    PID    Runtime      # DAGs    # Errors  Last Runtime    Last Run
-------------------------------------------  -----  ---------  --------  ----------  --------------  -------------------
/opt/airflow/dags/insurance_pipeline_dag.py                           1           0  0.53s           2026-06-24T23:46:40
================================================================================
[2026-06-24T23:48:48.117+0000] {manager.py:878} INFO - 
================================================================================
DAG File Processing Stats

File Path                                    PID    Runtime      # DAGs    # Errors  Last Runtime    Last Run
-------------------------------------------  -----  ---------  --------  ----------  --------------  -------------------
/opt/airflow/dags/insurance_pipeline_dag.py                           1           0  2.61s           2026-06-24T23:48:45
================================================================================
[2026-06-24T23:49:18.102+0000] {manager.py:878} INFO - 
================================================================================
DAG File Processing Stats

File Path                                    PID    Runtime      # DAGs    # Errors  Last Runtime    Last Run
-------------------------------------------  -----  ---------  --------  ----------  --------------  -------------------
/opt/airflow/dags/insurance_pipeline_dag.py                           1           0  0.85s           2026-06-24T23:49:17
================================================================================
[2026-06-24T23:49:48.368+0000] {manager.py:878} INFO - 
================================================================================
DAG File Processing Stats

File Path                                    PID    Runtime      # DAGs    # Errors  Last Runtime    Last Run
-------------------------------------------  -----  ---------  --------  ----------  --------------  -------------------
/opt/airflow/dags/insurance_pipeline_dag.py                           1           0  0.54s           2026-06-24T23:49:47
================================================================================
[2026-06-24T23:50:18.335+0000] {manager.py:878} INFO - 
================================================================================
DAG File Processing Stats

File Path                                      PID  Runtime      # DAGs    # Errors  Last Runtime    Last Run
-------------------------------------------  -----  ---------  --------  ----------  --------------  -------------------
/opt/airflow/dags/insurance_pipeline_dag.py   1497  0.02s             1           0  0.54s           2026-06-24T23:49:47
================================================================================
[2026-06-24T23:50:33.897+0000] {manager.py:737} INFO - Searching for files in /opt/airflow/dags
[2026-06-24T23:50:34.043+0000] {manager.py:740} INFO - There are 1 files in /opt/airflow/dags
[2026-06-24T23:50:47.872+0000] {manager.py:878} INFO - 
================================================================================
DAG File Processing Stats

File Path                                    PID    Runtime      # DAGs    # Errors  Last Runtime    Last Run
-------------------------------------------  -----  ---------  --------  ----------  --------------  -------------------
/opt/airflow/dags/insurance_pipeline_dag.py                           1           0  0.59s           2026-06-24T23:50:18
================================================================================
[2026-06-24T23:51:17.965+0000] {manager.py:878} INFO - 
================================================================================
DAG File Processing Stats

File Path                                    PID    Runtime      # DAGs    # Errors  Last Runtime    Last Run
-------------------------------------------  -----  ---------  --------  ----------  --------------  -------------------
/opt/airflow/dags/insurance_pipeline_dag.py                           1           0  0.53s           2026-06-24T23:50:50
================================================================================
[2026-06-24T23:51:47.471+0000] {manager.py:878} INFO - 
================================================================================
DAG File Processing Stats

File Path                                    PID    Runtime      # DAGs    # Errors  Last Runtime    Last Run
-------------------------------------------  -----  ---------  --------  ----------  --------------  -------------------
/opt/airflow/dags/insurance_pipeline_dag.py                           1           0  0.52s           2026-06-24T23:51:21
================================================================================
[2026-06-25T00:16:32.628+0000] {manager.py:737} INFO - Searching for files in /opt/airflow/dags
[2026-06-25T00:16:33.552+0000] {manager.py:740} INFO - There are 1 files in /opt/airflow/dags
[2026-06-25T00:16:50.983+0000] {manager.py:878} INFO - 
================================================================================
DAG File Processing Stats

File Path                                    PID    Runtime      # DAGs    # Errors  Last Runtime    Last Run
-------------------------------------------  -----  ---------  --------  ----------  --------------  -------------------
/opt/airflow/dags/insurance_pipeline_dag.py                           1           0  8.12s           2026-06-25T00:16:41
================================================================================
[2026-06-25T00:17:20.711+0000] {manager.py:878} INFO - 
================================================================================
DAG File Processing Stats

File Path                                    PID    Runtime      # DAGs    # Errors  Last Runtime    Last Run
-------------------------------------------  -----  ---------  --------  ----------  --------------  -------------------
/opt/airflow/dags/insurance_pipeline_dag.py                           1           0  0.29s           2026-06-25T00:17:12
================================================================================
[2026-06-25T00:17:50.562+0000] {manager.py:878} INFO - 
================================================================================
DAG File Processing Stats

File Path                                    PID    Runtime      # DAGs    # Errors  Last Runtime    Last Run
-------------------------------------------  -----  ---------  --------  ----------  --------------  -------------------
/opt/airflow/dags/insurance_pipeline_dag.py                           1           0  0.61s           2026-06-25T00:17:43
================================================================================
[2026-06-25T00:18:20.401+0000] {manager.py:878} INFO - 
================================================================================
DAG File Processing Stats

File Path                                    PID    Runtime      # DAGs    # Errors  Last Runtime    Last Run
-------------------------------------------  -----  ---------  --------  ----------  --------------  -------------------
/opt/airflow/dags/insurance_pipeline_dag.py                           1           0  0.89s           2026-06-25T00:18:14
================================================================================
[2026-06-25T00:18:50.584+0000] {manager.py:878} INFO - 
================================================================================
DAG File Processing Stats

File Path                                    PID    Runtime      # DAGs    # Errors  Last Runtime    Last Run
-------------------------------------------  -----  ---------  --------  ----------  --------------  -------------------
/opt/airflow/dags/insurance_pipeline_dag.py                           1           0  0.57s           2026-06-25T00:18:45
================================================================================
[2026-06-25T00:19:20.312+0000] {manager.py:878} INFO - 
================================================================================
DAG File Processing Stats

File Path                                    PID    Runtime      # DAGs    # Errors  Last Runtime    Last Run
-------------------------------------------  -----  ---------  --------  ----------  --------------  -------------------
/opt/airflow/dags/insurance_pipeline_dag.py                           1           0  0.77s           2026-06-25T00:19:17
================================================================================
[2026-06-25T00:19:49.978+0000] {manager.py:878} INFO - 
================================================================================
DAG File Processing Stats

File Path                                    PID    Runtime      # DAGs    # Errors  Last Runtime    Last Run
-------------------------------------------  -----  ---------  --------  ----------  --------------  -------------------
/opt/airflow/dags/insurance_pipeline_dag.py                           1           0  0.50s           2026-06-25T00:19:47
================================================================================
[2026-06-25T00:20:19.701+0000] {manager.py:878} INFO - 
================================================================================
DAG File Processing Stats

File Path                                    PID    Runtime      # DAGs    # Errors  Last Runtime    Last Run
-------------------------------------------  -----  ---------  --------  ----------  --------------  -------------------
/opt/airflow/dags/insurance_pipeline_dag.py                           1           0  0.63s           2026-06-25T00:20:18
================================================================================
[2026-06-25T00:20:49.592+0000] {manager.py:878} INFO - 
================================================================================
DAG File Processing Stats

File Path                                      PID  Runtime      # DAGs    # Errors  Last Runtime    Last Run
-------------------------------------------  -----  ---------  --------  ----------  --------------  -------------------
/opt/airflow/dags/insurance_pipeline_dag.py   1559  0.03s             1           0  0.63s           2026-06-25T00:20:18
================================================================================
[2026-06-25T00:21:19.443+0000] {manager.py:878} INFO - 
================================================================================
DAG File Processing Stats

File Path                                    PID    Runtime      # DAGs    # Errors  Last Runtime    Last Run
-------------------------------------------  -----  ---------  --------  ----------  --------------  -------------------
/opt/airflow/dags/insurance_pipeline_dag.py                           1           0  0.57s           2026-06-25T00:20:50
================================================================================
[2026-06-25T00:21:33.111+0000] {manager.py:737} INFO - Searching for files in /opt/airflow/dags
[2026-06-25T00:21:33.218+0000] {manager.py:740} INFO - There are 1 files in /opt/airflow/dags
[2026-06-25T00:29:44.835+0000] {manager.py:878} INFO - 
================================================================================
DAG File Processing Stats

File Path                                      PID  Runtime      # DAGs    # Errors  Last Runtime    Last Run
-------------------------------------------  -----  ---------  --------  ----------  --------------  -------------------
/opt/airflow/dags/insurance_pipeline_dag.py   1571  0.06s             1           0  0.55s           2026-06-25T00:21:21
================================================================================
[2026-06-25T00:29:45.160+0000] {manager.py:737} INFO - Searching for files in /opt/airflow/dags
[2026-06-25T00:29:45.931+0000] {manager.py:740} INFO - There are 1 files in /opt/airflow/dags
[2026-06-25T00:30:14.575+0000] {manager.py:878} INFO - 
================================================================================
DAG File Processing Stats

File Path                                    PID    Runtime      # DAGs    # Errors  Last Runtime    Last Run
-------------------------------------------  -----  ---------  --------  ----------  --------------  -------------------
/opt/airflow/dags/insurance_pipeline_dag.py                           1           0  2.77s           2026-06-25T00:29:47
================================================================================
[2026-06-25T00:30:44.422+0000] {manager.py:878} INFO - 
================================================================================
DAG File Processing Stats

File Path                                    PID    Runtime      # DAGs    # Errors  Last Runtime    Last Run
-------------------------------------------  -----  ---------  --------  ----------  --------------  -------------------
/opt/airflow/dags/insurance_pipeline_dag.py                           1           0  0.53s           2026-06-25T00:30:18
================================================================================
[2026-06-25T00:31:14.425+0000] {manager.py:878} INFO - 
================================================================================
DAG File Processing Stats

File Path                                    PID    Runtime      # DAGs    # Errors  Last Runtime    Last Run
-------------------------------------------  -----  ---------  --------  ----------  --------------  -------------------
/opt/airflow/dags/insurance_pipeline_dag.py                           1           0  0.51s           2026-06-25T00:30:49
================================================================================
[2026-06-25T00:31:44.325+0000] {manager.py:878} INFO - 
================================================================================
DAG File Processing Stats

File Path                                    PID    Runtime      # DAGs    # Errors  Last Runtime    Last Run
-------------------------------------------  -----  ---------  --------  ----------  --------------  -------------------
/opt/airflow/dags/insurance_pipeline_dag.py                           1           0  0.54s           2026-06-25T00:31:20
================================================================================
[2026-06-25T00:32:13.670+0000] {manager.py:878} INFO - 
================================================================================
DAG File Processing Stats

File Path                                    PID    Runtime      # DAGs    # Errors  Last Runtime    Last Run
-------------------------------------------  -----  ---------  --------  ----------  --------------  -------------------
/opt/airflow/dags/insurance_pipeline_dag.py                           1           0  0.58s           2026-06-25T00:31:51
================================================================================
[2026-06-25T00:32:43.195+0000] {manager.py:878} INFO - 
================================================================================
DAG File Processing Stats

File Path                                    PID    Runtime      # DAGs    # Errors  Last Runtime    Last Run
-------------------------------------------  -----  ---------  --------  ----------  --------------  -------------------
/opt/airflow/dags/insurance_pipeline_dag.py                           1           0  0.55s           2026-06-25T00:32:22
================================================================================
[2026-06-25T00:33:12.779+0000] {manager.py:878} INFO - 
================================================================================
DAG File Processing Stats

File Path                                    PID    Runtime      # DAGs    # Errors  Last Runtime    Last Run
-------------------------------------------  -----  ---------  --------  ----------  --------------  -------------------
/opt/airflow/dags/insurance_pipeline_dag.py                           1           0  0.77s           2026-06-25T00:32:53
================================================================================
[2026-06-25T00:33:42.517+0000] {manager.py:878} INFO - 
================================================================================
DAG File Processing Stats

File Path                                    PID    Runtime      # DAGs    # Errors  Last Runtime    Last Run
-------------------------------------------  -----  ---------  --------  ----------  --------------  -------------------
/opt/airflow/dags/insurance_pipeline_dag.py                           1           0  0.73s           2026-06-25T00:33:24
================================================================================
[2026-06-25T00:34:11.819+0000] {manager.py:878} INFO - 
================================================================================
DAG File Processing Stats

File Path                                    PID    Runtime      # DAGs    # Errors  Last Runtime    Last Run
-------------------------------------------  -----  ---------  --------  ----------  --------------  -------------------
/opt/airflow/dags/insurance_pipeline_dag.py                           1           0  0.62s           2026-06-25T00:33:55
================================================================================
[2026-06-25T00:34:41.498+0000] {manager.py:878} INFO - 
================================================================================
DAG File Processing Stats

File Path                                    PID    Runtime      # DAGs    # Errors  Last Runtime    Last Run
-------------------------------------------  -----  ---------  --------  ----------  --------------  -------------------
/opt/airflow/dags/insurance_pipeline_dag.py                           1           0  0.53s           2026-06-25T00:34:26
================================================================================
[2026-06-25T00:34:45.542+0000] {manager.py:737} INFO - Searching for files in /opt/airflow/dags
[2026-06-25T00:34:45.727+0000] {manager.py:740} INFO - There are 1 files in /opt/airflow/dags
[2026-06-25T00:35:10.915+0000] {manager.py:878} INFO - 
================================================================================
DAG File Processing Stats

File Path                                    PID    Runtime      # DAGs    # Errors  Last Runtime    Last Run
-------------------------------------------  -----  ---------  --------  ----------  --------------  -------------------
/opt/airflow/dags/insurance_pipeline_dag.py                           1           0  0.52s           2026-06-25T00:34:57
================================================================================
[2026-06-25T00:35:40.671+0000] {manager.py:878} INFO - 
================================================================================
DAG File Processing Stats

File Path                                    PID    Runtime      # DAGs    # Errors  Last Runtime    Last Run
-------------------------------------------  -----  ---------  --------  ----------  --------------  -------------------
/opt/airflow/dags/insurance_pipeline_dag.py                           1           0  0.66s           2026-06-25T00:35:28
================================================================================
[2026-06-25T00:36:09.763+0000] {manager.py:878} INFO - 
================================================================================
DAG File Processing Stats

File Path                                    PID    Runtime      # DAGs    # Errors  Last Runtime    Last Run
-------------------------------------------  -----  ---------  --------  ----------  --------------  -------------------
/opt/airflow/dags/insurance_pipeline_dag.py                           1           0  0.56s           2026-06-25T00:35:59
================================================================================
[2026-06-25T00:36:39.349+0000] {manager.py:878} INFO - 
================================================================================
DAG File Processing Stats

File Path                                    PID    Runtime      # DAGs    # Errors  Last Runtime    Last Run
-------------------------------------------  -----  ---------  --------  ----------  --------------  -------------------
/opt/airflow/dags/insurance_pipeline_dag.py                           1           0  0.60s           2026-06-25T00:36:30
================================================================================
[2026-06-25T00:37:08.618+0000] {manager.py:878} INFO - 
================================================================================
DAG File Processing Stats

File Path                                    PID    Runtime      # DAGs    # Errors  Last Runtime    Last Run
-------------------------------------------  -----  ---------  --------  ----------  --------------  -------------------
/opt/airflow/dags/insurance_pipeline_dag.py                           1           0  0.56s           2026-06-25T00:37:01
================================================================================
