[2026-06-24T21:57:41.072+0000] {processor.py:161} INFO - Started process (PID=168) to work on /opt/airflow/dags/insurance_pipeline_dag.py
[2026-06-24T21:57:41.074+0000] {processor.py:830} INFO - Processing file /opt/airflow/dags/insurance_pipeline_dag.py for tasks to queue
[2026-06-24T21:57:41.078+0000] {logging_mixin.py:188} INFO - [2026-06-24T21:57:41.077+0000] {dagbag.py:540} INFO - Filling up the DagBag from /opt/airflow/dags/insurance_pipeline_dag.py
[2026-06-24T21:57:41.135+0000] {processor.py:840} INFO - DAG(s) 'insurance_pipeline' retrieved from /opt/airflow/dags/insurance_pipeline_dag.py
[2026-06-24T21:57:41.184+0000] {logging_mixin.py:188} INFO - [2026-06-24T21:57:41.184+0000] {dag.py:3096} INFO - Sync 1 DAGs
[2026-06-24T21:57:41.220+0000] {logging_mixin.py:188} INFO - [2026-06-24T21:57:41.219+0000] {dag.py:3954} INFO - Setting next_dagrun for insurance_pipeline to 2026-06-23 01:00:00+00:00, run_after=2026-06-24 01:00:00+00:00
[2026-06-24T21:57:41.251+0000] {processor.py:183} INFO - Processing /opt/airflow/dags/insurance_pipeline_dag.py took 0.189 seconds
[2026-06-24T21:58:11.647+0000] {processor.py:161} INFO - Started process (PID=173) to work on /opt/airflow/dags/insurance_pipeline_dag.py
[2026-06-24T21:58:11.649+0000] {processor.py:830} INFO - Processing file /opt/airflow/dags/insurance_pipeline_dag.py for tasks to queue
[2026-06-24T21:58:11.653+0000] {logging_mixin.py:188} INFO - [2026-06-24T21:58:11.652+0000] {dagbag.py:540} INFO - Filling up the DagBag from /opt/airflow/dags/insurance_pipeline_dag.py
[2026-06-24T21:58:11.697+0000] {processor.py:840} INFO - DAG(s) 'insurance_pipeline' retrieved from /opt/airflow/dags/insurance_pipeline_dag.py
[2026-06-24T21:58:11.724+0000] {logging_mixin.py:188} INFO - [2026-06-24T21:58:11.724+0000] {dag.py:3096} INFO - Sync 1 DAGs
[2026-06-24T21:58:11.763+0000] {logging_mixin.py:188} INFO - [2026-06-24T21:58:11.763+0000] {dag.py:3954} INFO - Setting next_dagrun for insurance_pipeline to 2026-06-23 01:00:00+00:00, run_after=2026-06-24 01:00:00+00:00
[2026-06-24T21:58:11.799+0000] {processor.py:183} INFO - Processing /opt/airflow/dags/insurance_pipeline_dag.py took 0.163 seconds
[2026-06-24T21:58:42.331+0000] {processor.py:161} INFO - Started process (PID=178) to work on /opt/airflow/dags/insurance_pipeline_dag.py
[2026-06-24T21:58:42.332+0000] {processor.py:830} INFO - Processing file /opt/airflow/dags/insurance_pipeline_dag.py for tasks to queue
[2026-06-24T21:58:42.335+0000] {logging_mixin.py:188} INFO - [2026-06-24T21:58:42.334+0000] {dagbag.py:540} INFO - Filling up the DagBag from /opt/airflow/dags/insurance_pipeline_dag.py
[2026-06-24T21:58:42.369+0000] {processor.py:840} INFO - DAG(s) 'insurance_pipeline' retrieved from /opt/airflow/dags/insurance_pipeline_dag.py
[2026-06-24T21:58:42.392+0000] {logging_mixin.py:188} INFO - [2026-06-24T21:58:42.392+0000] {dag.py:3096} INFO - Sync 1 DAGs
[2026-06-24T21:58:42.425+0000] {logging_mixin.py:188} INFO - [2026-06-24T21:58:42.425+0000] {dag.py:3954} INFO - Setting next_dagrun for insurance_pipeline to 2026-06-23 01:00:00+00:00, run_after=2026-06-24 01:00:00+00:00
[2026-06-24T21:58:42.456+0000] {processor.py:183} INFO - Processing /opt/airflow/dags/insurance_pipeline_dag.py took 0.133 seconds
[2026-06-24T21:59:12.886+0000] {processor.py:161} INFO - Started process (PID=183) to work on /opt/airflow/dags/insurance_pipeline_dag.py
[2026-06-24T21:59:12.887+0000] {processor.py:830} INFO - Processing file /opt/airflow/dags/insurance_pipeline_dag.py for tasks to queue
[2026-06-24T21:59:12.890+0000] {logging_mixin.py:188} INFO - [2026-06-24T21:59:12.889+0000] {dagbag.py:540} INFO - Filling up the DagBag from /opt/airflow/dags/insurance_pipeline_dag.py
[2026-06-24T21:59:12.925+0000] {processor.py:840} INFO - DAG(s) 'insurance_pipeline' retrieved from /opt/airflow/dags/insurance_pipeline_dag.py
[2026-06-24T21:59:12.945+0000] {logging_mixin.py:188} INFO - [2026-06-24T21:59:12.945+0000] {dag.py:3096} INFO - Sync 1 DAGs
[2026-06-24T21:59:12.974+0000] {logging_mixin.py:188} INFO - [2026-06-24T21:59:12.974+0000] {dag.py:3954} INFO - Setting next_dagrun for insurance_pipeline to 2026-06-23 01:00:00+00:00, run_after=2026-06-24 01:00:00+00:00
[2026-06-24T21:59:13.011+0000] {processor.py:183} INFO - Processing /opt/airflow/dags/insurance_pipeline_dag.py took 0.134 seconds
[2026-06-24T21:59:43.548+0000] {processor.py:161} INFO - Started process (PID=188) to work on /opt/airflow/dags/insurance_pipeline_dag.py
[2026-06-24T21:59:43.549+0000] {processor.py:830} INFO - Processing file /opt/airflow/dags/insurance_pipeline_dag.py for tasks to queue
[2026-06-24T21:59:43.552+0000] {logging_mixin.py:188} INFO - [2026-06-24T21:59:43.552+0000] {dagbag.py:540} INFO - Filling up the DagBag from /opt/airflow/dags/insurance_pipeline_dag.py
[2026-06-24T21:59:43.596+0000] {processor.py:840} INFO - DAG(s) 'insurance_pipeline' retrieved from /opt/airflow/dags/insurance_pipeline_dag.py
[2026-06-24T21:59:43.622+0000] {logging_mixin.py:188} INFO - [2026-06-24T21:59:43.622+0000] {dag.py:3096} INFO - Sync 1 DAGs
[2026-06-24T21:59:43.656+0000] {logging_mixin.py:188} INFO - [2026-06-24T21:59:43.656+0000] {dag.py:3954} INFO - Setting next_dagrun for insurance_pipeline to 2026-06-23 01:00:00+00:00, run_after=2026-06-24 01:00:00+00:00
[2026-06-24T21:59:43.689+0000] {processor.py:183} INFO - Processing /opt/airflow/dags/insurance_pipeline_dag.py took 0.150 seconds
[2026-06-24T22:00:13.911+0000] {processor.py:161} INFO - Started process (PID=193) to work on /opt/airflow/dags/insurance_pipeline_dag.py
[2026-06-24T22:00:13.912+0000] {processor.py:830} INFO - Processing file /opt/airflow/dags/insurance_pipeline_dag.py for tasks to queue
[2026-06-24T22:00:13.916+0000] {logging_mixin.py:188} INFO - [2026-06-24T22:00:13.915+0000] {dagbag.py:540} INFO - Filling up the DagBag from /opt/airflow/dags/insurance_pipeline_dag.py
[2026-06-24T22:00:13.958+0000] {processor.py:840} INFO - DAG(s) 'insurance_pipeline' retrieved from /opt/airflow/dags/insurance_pipeline_dag.py
[2026-06-24T22:00:13.984+0000] {logging_mixin.py:188} INFO - [2026-06-24T22:00:13.984+0000] {dag.py:3096} INFO - Sync 1 DAGs
[2026-06-24T22:00:14.022+0000] {logging_mixin.py:188} INFO - [2026-06-24T22:00:14.022+0000] {dag.py:3954} INFO - Setting next_dagrun for insurance_pipeline to 2026-06-23 01:00:00+00:00, run_after=2026-06-24 01:00:00+00:00
[2026-06-24T22:00:14.055+0000] {processor.py:183} INFO - Processing /opt/airflow/dags/insurance_pipeline_dag.py took 0.153 seconds
[2026-06-24T22:00:44.373+0000] {processor.py:161} INFO - Started process (PID=198) to work on /opt/airflow/dags/insurance_pipeline_dag.py
[2026-06-24T22:00:44.374+0000] {processor.py:830} INFO - Processing file /opt/airflow/dags/insurance_pipeline_dag.py for tasks to queue
[2026-06-24T22:00:44.378+0000] {logging_mixin.py:188} INFO - [2026-06-24T22:00:44.377+0000] {dagbag.py:540} INFO - Filling up the DagBag from /opt/airflow/dags/insurance_pipeline_dag.py
[2026-06-24T22:00:44.421+0000] {processor.py:840} INFO - DAG(s) 'insurance_pipeline' retrieved from /opt/airflow/dags/insurance_pipeline_dag.py
[2026-06-24T22:00:44.441+0000] {logging_mixin.py:188} INFO - [2026-06-24T22:00:44.441+0000] {dag.py:3096} INFO - Sync 1 DAGs
[2026-06-24T22:00:44.469+0000] {logging_mixin.py:188} INFO - [2026-06-24T22:00:44.469+0000] {dag.py:3954} INFO - Setting next_dagrun for insurance_pipeline to 2026-06-23 01:00:00+00:00, run_after=2026-06-24 01:00:00+00:00
[2026-06-24T22:00:44.506+0000] {processor.py:183} INFO - Processing /opt/airflow/dags/insurance_pipeline_dag.py took 0.142 seconds
[2026-06-24T22:01:14.628+0000] {processor.py:161} INFO - Started process (PID=203) to work on /opt/airflow/dags/insurance_pipeline_dag.py
[2026-06-24T22:01:14.630+0000] {processor.py:830} INFO - Processing file /opt/airflow/dags/insurance_pipeline_dag.py for tasks to queue
[2026-06-24T22:01:14.634+0000] {logging_mixin.py:188} INFO - [2026-06-24T22:01:14.633+0000] {dagbag.py:540} INFO - Filling up the DagBag from /opt/airflow/dags/insurance_pipeline_dag.py
[2026-06-24T22:01:14.681+0000] {processor.py:840} INFO - DAG(s) 'insurance_pipeline' retrieved from /opt/airflow/dags/insurance_pipeline_dag.py
[2026-06-24T22:01:14.702+0000] {logging_mixin.py:188} INFO - [2026-06-24T22:01:14.702+0000] {dag.py:3096} INFO - Sync 1 DAGs
[2026-06-24T22:01:14.736+0000] {logging_mixin.py:188} INFO - [2026-06-24T22:01:14.736+0000] {dag.py:3954} INFO - Setting next_dagrun for insurance_pipeline to 2026-06-23 01:00:00+00:00, run_after=2026-06-24 01:00:00+00:00
[2026-06-24T22:01:14.768+0000] {processor.py:183} INFO - Processing /opt/airflow/dags/insurance_pipeline_dag.py took 0.149 seconds
[2026-06-24T22:01:45.015+0000] {processor.py:161} INFO - Started process (PID=208) to work on /opt/airflow/dags/insurance_pipeline_dag.py
[2026-06-24T22:01:45.017+0000] {processor.py:830} INFO - Processing file /opt/airflow/dags/insurance_pipeline_dag.py for tasks to queue
[2026-06-24T22:01:45.021+0000] {logging_mixin.py:188} INFO - [2026-06-24T22:01:45.020+0000] {dagbag.py:540} INFO - Filling up the DagBag from /opt/airflow/dags/insurance_pipeline_dag.py
[2026-06-24T22:01:45.066+0000] {processor.py:840} INFO - DAG(s) 'insurance_pipeline' retrieved from /opt/airflow/dags/insurance_pipeline_dag.py
[2026-06-24T22:01:45.103+0000] {logging_mixin.py:188} INFO - [2026-06-24T22:01:45.102+0000] {dag.py:3096} INFO - Sync 1 DAGs
[2026-06-24T22:01:45.159+0000] {logging_mixin.py:188} INFO - [2026-06-24T22:01:45.158+0000] {dag.py:3954} INFO - Setting next_dagrun for insurance_pipeline to 2026-06-23 01:00:00+00:00, run_after=2026-06-24 01:00:00+00:00
[2026-06-24T22:01:45.214+0000] {processor.py:183} INFO - Processing /opt/airflow/dags/insurance_pipeline_dag.py took 0.207 seconds
[2026-06-24T22:02:15.510+0000] {processor.py:161} INFO - Started process (PID=213) to work on /opt/airflow/dags/insurance_pipeline_dag.py
[2026-06-24T22:02:15.513+0000] {processor.py:830} INFO - Processing file /opt/airflow/dags/insurance_pipeline_dag.py for tasks to queue
[2026-06-24T22:02:15.516+0000] {logging_mixin.py:188} INFO - [2026-06-24T22:02:15.515+0000] {dagbag.py:540} INFO - Filling up the DagBag from /opt/airflow/dags/insurance_pipeline_dag.py
[2026-06-24T22:02:15.569+0000] {processor.py:840} INFO - DAG(s) 'insurance_pipeline' retrieved from /opt/airflow/dags/insurance_pipeline_dag.py
[2026-06-24T22:02:15.597+0000] {logging_mixin.py:188} INFO - [2026-06-24T22:02:15.596+0000] {dag.py:3096} INFO - Sync 1 DAGs
[2026-06-24T22:02:15.636+0000] {logging_mixin.py:188} INFO - [2026-06-24T22:02:15.636+0000] {dag.py:3954} INFO - Setting next_dagrun for insurance_pipeline to 2026-06-23 01:00:00+00:00, run_after=2026-06-24 01:00:00+00:00
[2026-06-24T22:02:15.689+0000] {processor.py:183} INFO - Processing /opt/airflow/dags/insurance_pipeline_dag.py took 0.194 seconds
[2026-06-24T22:02:46.035+0000] {processor.py:161} INFO - Started process (PID=218) to work on /opt/airflow/dags/insurance_pipeline_dag.py
[2026-06-24T22:02:46.037+0000] {processor.py:830} INFO - Processing file /opt/airflow/dags/insurance_pipeline_dag.py for tasks to queue
[2026-06-24T22:02:46.040+0000] {logging_mixin.py:188} INFO - [2026-06-24T22:02:46.039+0000] {dagbag.py:540} INFO - Filling up the DagBag from /opt/airflow/dags/insurance_pipeline_dag.py
[2026-06-24T22:02:46.076+0000] {processor.py:840} INFO - DAG(s) 'insurance_pipeline' retrieved from /opt/airflow/dags/insurance_pipeline_dag.py
[2026-06-24T22:02:46.098+0000] {logging_mixin.py:188} INFO - [2026-06-24T22:02:46.098+0000] {dag.py:3096} INFO - Sync 1 DAGs
[2026-06-24T22:02:46.130+0000] {logging_mixin.py:188} INFO - [2026-06-24T22:02:46.130+0000] {dag.py:3954} INFO - Setting next_dagrun for insurance_pipeline to 2026-06-23 01:00:00+00:00, run_after=2026-06-24 01:00:00+00:00
[2026-06-24T22:02:46.171+0000] {processor.py:183} INFO - Processing /opt/airflow/dags/insurance_pipeline_dag.py took 0.144 seconds
[2026-06-24T22:03:16.433+0000] {processor.py:161} INFO - Started process (PID=223) to work on /opt/airflow/dags/insurance_pipeline_dag.py
[2026-06-24T22:03:16.435+0000] {processor.py:830} INFO - Processing file /opt/airflow/dags/insurance_pipeline_dag.py for tasks to queue
[2026-06-24T22:03:16.439+0000] {logging_mixin.py:188} INFO - [2026-06-24T22:03:16.438+0000] {dagbag.py:540} INFO - Filling up the DagBag from /opt/airflow/dags/insurance_pipeline_dag.py
[2026-06-24T22:03:16.492+0000] {processor.py:840} INFO - DAG(s) 'insurance_pipeline' retrieved from /opt/airflow/dags/insurance_pipeline_dag.py
[2026-06-24T22:03:16.524+0000] {logging_mixin.py:188} INFO - [2026-06-24T22:03:16.524+0000] {dag.py:3096} INFO - Sync 1 DAGs
[2026-06-24T22:03:16.576+0000] {logging_mixin.py:188} INFO - [2026-06-24T22:03:16.576+0000] {dag.py:3954} INFO - Setting next_dagrun for insurance_pipeline to 2026-06-23 01:00:00+00:00, run_after=2026-06-24 01:00:00+00:00
[2026-06-24T22:03:16.617+0000] {processor.py:183} INFO - Processing /opt/airflow/dags/insurance_pipeline_dag.py took 0.194 seconds
[2026-06-24T22:03:46.895+0000] {processor.py:161} INFO - Started process (PID=228) to work on /opt/airflow/dags/insurance_pipeline_dag.py
[2026-06-24T22:03:46.897+0000] {processor.py:830} INFO - Processing file /opt/airflow/dags/insurance_pipeline_dag.py for tasks to queue
[2026-06-24T22:03:46.901+0000] {logging_mixin.py:188} INFO - [2026-06-24T22:03:46.900+0000] {dagbag.py:540} INFO - Filling up the DagBag from /opt/airflow/dags/insurance_pipeline_dag.py
[2026-06-24T22:03:46.948+0000] {processor.py:840} INFO - DAG(s) 'insurance_pipeline' retrieved from /opt/airflow/dags/insurance_pipeline_dag.py
[2026-06-24T22:03:46.973+0000] {logging_mixin.py:188} INFO - [2026-06-24T22:03:46.973+0000] {dag.py:3096} INFO - Sync 1 DAGs
[2026-06-24T22:03:47.010+0000] {logging_mixin.py:188} INFO - [2026-06-24T22:03:47.009+0000] {dag.py:3954} INFO - Setting next_dagrun for insurance_pipeline to 2026-06-23 01:00:00+00:00, run_after=2026-06-24 01:00:00+00:00
[2026-06-24T22:03:47.051+0000] {processor.py:183} INFO - Processing /opt/airflow/dags/insurance_pipeline_dag.py took 0.166 seconds
[2026-06-24T22:04:17.278+0000] {processor.py:161} INFO - Started process (PID=233) to work on /opt/airflow/dags/insurance_pipeline_dag.py
[2026-06-24T22:04:17.280+0000] {processor.py:830} INFO - Processing file /opt/airflow/dags/insurance_pipeline_dag.py for tasks to queue
[2026-06-24T22:04:17.283+0000] {logging_mixin.py:188} INFO - [2026-06-24T22:04:17.282+0000] {dagbag.py:540} INFO - Filling up the DagBag from /opt/airflow/dags/insurance_pipeline_dag.py
[2026-06-24T22:04:17.326+0000] {processor.py:840} INFO - DAG(s) 'insurance_pipeline' retrieved from /opt/airflow/dags/insurance_pipeline_dag.py
[2026-06-24T22:04:17.352+0000] {logging_mixin.py:188} INFO - [2026-06-24T22:04:17.352+0000] {dag.py:3096} INFO - Sync 1 DAGs
[2026-06-24T22:04:17.387+0000] {logging_mixin.py:188} INFO - [2026-06-24T22:04:17.386+0000] {dag.py:3954} INFO - Setting next_dagrun for insurance_pipeline to 2026-06-23 01:00:00+00:00, run_after=2026-06-24 01:00:00+00:00
[2026-06-24T22:04:17.426+0000] {processor.py:183} INFO - Processing /opt/airflow/dags/insurance_pipeline_dag.py took 0.157 seconds
[2026-06-24T22:05:26.041+0000] {processor.py:161} INFO - Started process (PID=168) to work on /opt/airflow/dags/insurance_pipeline_dag.py
[2026-06-24T22:05:26.044+0000] {processor.py:830} INFO - Processing file /opt/airflow/dags/insurance_pipeline_dag.py for tasks to queue
[2026-06-24T22:05:26.052+0000] {logging_mixin.py:188} INFO - [2026-06-24T22:05:26.051+0000] {dagbag.py:540} INFO - Filling up the DagBag from /opt/airflow/dags/insurance_pipeline_dag.py
[2026-06-24T22:05:26.227+0000] {processor.py:840} INFO - DAG(s) 'insurance_pipeline' retrieved from /opt/airflow/dags/insurance_pipeline_dag.py
[2026-06-24T22:05:26.818+0000] {logging_mixin.py:188} INFO - [2026-06-24T22:05:26.817+0000] {override.py:1829} INFO - Created Permission View: can edit on DAG:insurance_pipeline
[2026-06-24T22:05:26.845+0000] {logging_mixin.py:188} INFO - [2026-06-24T22:05:26.844+0000] {override.py:1829} INFO - Created Permission View: can read on DAG:insurance_pipeline
[2026-06-24T22:05:26.871+0000] {logging_mixin.py:188} INFO - [2026-06-24T22:05:26.870+0000] {override.py:1829} INFO - Created Permission View: can delete on DAG:insurance_pipeline
[2026-06-24T22:05:26.873+0000] {logging_mixin.py:188} INFO - [2026-06-24T22:05:26.873+0000] {dag.py:3096} INFO - Sync 1 DAGs
[2026-06-24T22:05:26.900+0000] {logging_mixin.py:188} INFO - [2026-06-24T22:05:26.900+0000] {dag.py:3118} INFO - Creating ORM DAG for insurance_pipeline
[2026-06-24T22:05:26.919+0000] {logging_mixin.py:188} INFO - [2026-06-24T22:05:26.919+0000] {dag.py:3954} INFO - Setting next_dagrun for insurance_pipeline to 2026-06-23 01:00:00+00:00, run_after=2026-06-24 01:00:00+00:00
[2026-06-24T22:05:26.969+0000] {processor.py:183} INFO - Processing /opt/airflow/dags/insurance_pipeline_dag.py took 0.948 seconds
[2026-06-24T22:05:57.117+0000] {processor.py:161} INFO - Started process (PID=173) to work on /opt/airflow/dags/insurance_pipeline_dag.py
[2026-06-24T22:05:57.119+0000] {processor.py:830} INFO - Processing file /opt/airflow/dags/insurance_pipeline_dag.py for tasks to queue
[2026-06-24T22:05:57.124+0000] {logging_mixin.py:188} INFO - [2026-06-24T22:05:57.123+0000] {dagbag.py:540} INFO - Filling up the DagBag from /opt/airflow/dags/insurance_pipeline_dag.py
[2026-06-24T22:05:57.162+0000] {processor.py:840} INFO - DAG(s) 'insurance_pipeline' retrieved from /opt/airflow/dags/insurance_pipeline_dag.py
[2026-06-24T22:05:57.211+0000] {logging_mixin.py:188} INFO - [2026-06-24T22:05:57.211+0000] {dag.py:3096} INFO - Sync 1 DAGs
[2026-06-24T22:05:57.242+0000] {logging_mixin.py:188} INFO - [2026-06-24T22:05:57.242+0000] {dag.py:3954} INFO - Setting next_dagrun for insurance_pipeline to 2026-06-23 01:00:00+00:00, run_after=2026-06-24 01:00:00+00:00
[2026-06-24T22:05:57.272+0000] {processor.py:183} INFO - Processing /opt/airflow/dags/insurance_pipeline_dag.py took 0.164 seconds
[2026-06-24T22:06:27.457+0000] {processor.py:161} INFO - Started process (PID=178) to work on /opt/airflow/dags/insurance_pipeline_dag.py
[2026-06-24T22:06:27.459+0000] {processor.py:830} INFO - Processing file /opt/airflow/dags/insurance_pipeline_dag.py for tasks to queue
[2026-06-24T22:06:27.464+0000] {logging_mixin.py:188} INFO - [2026-06-24T22:06:27.463+0000] {dagbag.py:540} INFO - Filling up the DagBag from /opt/airflow/dags/insurance_pipeline_dag.py
[2026-06-24T22:06:27.516+0000] {processor.py:840} INFO - DAG(s) 'insurance_pipeline' retrieved from /opt/airflow/dags/insurance_pipeline_dag.py
[2026-06-24T22:06:27.572+0000] {logging_mixin.py:188} INFO - [2026-06-24T22:06:27.572+0000] {dag.py:3096} INFO - Sync 1 DAGs
[2026-06-24T22:06:27.622+0000] {logging_mixin.py:188} INFO - [2026-06-24T22:06:27.622+0000] {dag.py:3954} INFO - Setting next_dagrun for insurance_pipeline to 2026-06-23 01:00:00+00:00, run_after=2026-06-24 01:00:00+00:00
[2026-06-24T22:06:27.674+0000] {processor.py:183} INFO - Processing /opt/airflow/dags/insurance_pipeline_dag.py took 0.225 seconds
[2026-06-24T22:06:57.819+0000] {processor.py:161} INFO - Started process (PID=183) to work on /opt/airflow/dags/insurance_pipeline_dag.py
[2026-06-24T22:06:57.821+0000] {processor.py:830} INFO - Processing file /opt/airflow/dags/insurance_pipeline_dag.py for tasks to queue
[2026-06-24T22:06:57.824+0000] {logging_mixin.py:188} INFO - [2026-06-24T22:06:57.824+0000] {dagbag.py:540} INFO - Filling up the DagBag from /opt/airflow/dags/insurance_pipeline_dag.py
[2026-06-24T22:06:57.859+0000] {processor.py:840} INFO - DAG(s) 'insurance_pipeline' retrieved from /opt/airflow/dags/insurance_pipeline_dag.py
[2026-06-24T22:06:57.907+0000] {logging_mixin.py:188} INFO - [2026-06-24T22:06:57.906+0000] {dag.py:3096} INFO - Sync 1 DAGs
[2026-06-24T22:06:57.945+0000] {logging_mixin.py:188} INFO - [2026-06-24T22:06:57.944+0000] {dag.py:3954} INFO - Setting next_dagrun for insurance_pipeline to 2026-06-23 01:00:00+00:00, run_after=2026-06-24 01:00:00+00:00
[2026-06-24T22:06:57.990+0000] {processor.py:183} INFO - Processing /opt/airflow/dags/insurance_pipeline_dag.py took 0.180 seconds
[2026-06-24T22:07:28.206+0000] {processor.py:161} INFO - Started process (PID=188) to work on /opt/airflow/dags/insurance_pipeline_dag.py
[2026-06-24T22:07:28.209+0000] {processor.py:830} INFO - Processing file /opt/airflow/dags/insurance_pipeline_dag.py for tasks to queue
[2026-06-24T22:07:28.212+0000] {logging_mixin.py:188} INFO - [2026-06-24T22:07:28.212+0000] {dagbag.py:540} INFO - Filling up the DagBag from /opt/airflow/dags/insurance_pipeline_dag.py
[2026-06-24T22:07:28.257+0000] {processor.py:840} INFO - DAG(s) 'insurance_pipeline' retrieved from /opt/airflow/dags/insurance_pipeline_dag.py
[2026-06-24T22:07:28.314+0000] {logging_mixin.py:188} INFO - [2026-06-24T22:07:28.313+0000] {dag.py:3096} INFO - Sync 1 DAGs
[2026-06-24T22:07:28.366+0000] {logging_mixin.py:188} INFO - [2026-06-24T22:07:28.365+0000] {dag.py:3954} INFO - Setting next_dagrun for insurance_pipeline to 2026-06-23 01:00:00+00:00, run_after=2026-06-24 01:00:00+00:00
[2026-06-24T22:07:28.408+0000] {processor.py:183} INFO - Processing /opt/airflow/dags/insurance_pipeline_dag.py took 0.215 seconds
[2026-06-24T22:07:58.565+0000] {processor.py:161} INFO - Started process (PID=193) to work on /opt/airflow/dags/insurance_pipeline_dag.py
[2026-06-24T22:07:58.567+0000] {processor.py:830} INFO - Processing file /opt/airflow/dags/insurance_pipeline_dag.py for tasks to queue
[2026-06-24T22:07:58.570+0000] {logging_mixin.py:188} INFO - [2026-06-24T22:07:58.569+0000] {dagbag.py:540} INFO - Filling up the DagBag from /opt/airflow/dags/insurance_pipeline_dag.py
[2026-06-24T22:07:58.602+0000] {processor.py:840} INFO - DAG(s) 'insurance_pipeline' retrieved from /opt/airflow/dags/insurance_pipeline_dag.py
[2026-06-24T22:07:58.645+0000] {logging_mixin.py:188} INFO - [2026-06-24T22:07:58.645+0000] {dag.py:3096} INFO - Sync 1 DAGs
[2026-06-24T22:07:58.673+0000] {logging_mixin.py:188} INFO - [2026-06-24T22:07:58.673+0000] {dag.py:3954} INFO - Setting next_dagrun for insurance_pipeline to 2026-06-23 01:00:00+00:00, run_after=2026-06-24 01:00:00+00:00
[2026-06-24T22:07:58.710+0000] {processor.py:183} INFO - Processing /opt/airflow/dags/insurance_pipeline_dag.py took 0.153 seconds
[2026-06-24T22:08:28.845+0000] {processor.py:161} INFO - Started process (PID=198) to work on /opt/airflow/dags/insurance_pipeline_dag.py
[2026-06-24T22:08:28.847+0000] {processor.py:830} INFO - Processing file /opt/airflow/dags/insurance_pipeline_dag.py for tasks to queue
[2026-06-24T22:08:28.849+0000] {logging_mixin.py:188} INFO - [2026-06-24T22:08:28.849+0000] {dagbag.py:540} INFO - Filling up the DagBag from /opt/airflow/dags/insurance_pipeline_dag.py
[2026-06-24T22:08:28.884+0000] {processor.py:840} INFO - DAG(s) 'insurance_pipeline' retrieved from /opt/airflow/dags/insurance_pipeline_dag.py
[2026-06-24T22:08:28.935+0000] {logging_mixin.py:188} INFO - [2026-06-24T22:08:28.935+0000] {dag.py:3096} INFO - Sync 1 DAGs
[2026-06-24T22:08:28.969+0000] {logging_mixin.py:188} INFO - [2026-06-24T22:08:28.969+0000] {dag.py:3954} INFO - Setting next_dagrun for insurance_pipeline to 2026-06-23 01:00:00+00:00, run_after=2026-06-24 01:00:00+00:00
[2026-06-24T22:08:29.001+0000] {processor.py:183} INFO - Processing /opt/airflow/dags/insurance_pipeline_dag.py took 0.164 seconds
[2026-06-24T22:08:59.146+0000] {processor.py:161} INFO - Started process (PID=203) to work on /opt/airflow/dags/insurance_pipeline_dag.py
[2026-06-24T22:08:59.148+0000] {processor.py:830} INFO - Processing file /opt/airflow/dags/insurance_pipeline_dag.py for tasks to queue
[2026-06-24T22:08:59.153+0000] {logging_mixin.py:188} INFO - [2026-06-24T22:08:59.151+0000] {dagbag.py:540} INFO - Filling up the DagBag from /opt/airflow/dags/insurance_pipeline_dag.py
[2026-06-24T22:08:59.191+0000] {processor.py:840} INFO - DAG(s) 'insurance_pipeline' retrieved from /opt/airflow/dags/insurance_pipeline_dag.py
[2026-06-24T22:08:59.237+0000] {logging_mixin.py:188} INFO - [2026-06-24T22:08:59.237+0000] {dag.py:3096} INFO - Sync 1 DAGs
[2026-06-24T22:08:59.268+0000] {logging_mixin.py:188} INFO - [2026-06-24T22:08:59.268+0000] {dag.py:3954} INFO - Setting next_dagrun for insurance_pipeline to 2026-06-23 01:00:00+00:00, run_after=2026-06-24 01:00:00+00:00
[2026-06-24T22:08:59.308+0000] {processor.py:183} INFO - Processing /opt/airflow/dags/insurance_pipeline_dag.py took 0.169 seconds
[2026-06-24T22:09:29.496+0000] {processor.py:161} INFO - Started process (PID=208) to work on /opt/airflow/dags/insurance_pipeline_dag.py
[2026-06-24T22:09:29.498+0000] {processor.py:830} INFO - Processing file /opt/airflow/dags/insurance_pipeline_dag.py for tasks to queue
[2026-06-24T22:09:29.501+0000] {logging_mixin.py:188} INFO - [2026-06-24T22:09:29.501+0000] {dagbag.py:540} INFO - Filling up the DagBag from /opt/airflow/dags/insurance_pipeline_dag.py
[2026-06-24T22:09:29.545+0000] {processor.py:840} INFO - DAG(s) 'insurance_pipeline' retrieved from /opt/airflow/dags/insurance_pipeline_dag.py
[2026-06-24T22:09:29.603+0000] {logging_mixin.py:188} INFO - [2026-06-24T22:09:29.602+0000] {dag.py:3096} INFO - Sync 1 DAGs
[2026-06-24T22:09:29.643+0000] {logging_mixin.py:188} INFO - [2026-06-24T22:09:29.643+0000] {dag.py:3954} INFO - Setting next_dagrun for insurance_pipeline to 2026-06-23 01:00:00+00:00, run_after=2026-06-24 01:00:00+00:00
[2026-06-24T22:09:29.682+0000] {processor.py:183} INFO - Processing /opt/airflow/dags/insurance_pipeline_dag.py took 0.197 seconds
[2026-06-24T22:09:59.842+0000] {processor.py:161} INFO - Started process (PID=213) to work on /opt/airflow/dags/insurance_pipeline_dag.py
[2026-06-24T22:09:59.844+0000] {processor.py:830} INFO - Processing file /opt/airflow/dags/insurance_pipeline_dag.py for tasks to queue
[2026-06-24T22:09:59.848+0000] {logging_mixin.py:188} INFO - [2026-06-24T22:09:59.848+0000] {dagbag.py:540} INFO - Filling up the DagBag from /opt/airflow/dags/insurance_pipeline_dag.py
[2026-06-24T22:09:59.887+0000] {processor.py:840} INFO - DAG(s) 'insurance_pipeline' retrieved from /opt/airflow/dags/insurance_pipeline_dag.py
[2026-06-24T22:09:59.938+0000] {logging_mixin.py:188} INFO - [2026-06-24T22:09:59.937+0000] {dag.py:3096} INFO - Sync 1 DAGs
[2026-06-24T22:09:59.972+0000] {logging_mixin.py:188} INFO - [2026-06-24T22:09:59.971+0000] {dag.py:3954} INFO - Setting next_dagrun for insurance_pipeline to 2026-06-23 01:00:00+00:00, run_after=2026-06-24 01:00:00+00:00
[2026-06-24T22:10:00.007+0000] {processor.py:183} INFO - Processing /opt/airflow/dags/insurance_pipeline_dag.py took 0.173 seconds
[2026-06-24T22:10:30.158+0000] {processor.py:161} INFO - Started process (PID=218) to work on /opt/airflow/dags/insurance_pipeline_dag.py
[2026-06-24T22:10:30.160+0000] {processor.py:830} INFO - Processing file /opt/airflow/dags/insurance_pipeline_dag.py for tasks to queue
[2026-06-24T22:10:30.164+0000] {logging_mixin.py:188} INFO - [2026-06-24T22:10:30.164+0000] {dagbag.py:540} INFO - Filling up the DagBag from /opt/airflow/dags/insurance_pipeline_dag.py
[2026-06-24T22:10:30.202+0000] {processor.py:840} INFO - DAG(s) 'insurance_pipeline' retrieved from /opt/airflow/dags/insurance_pipeline_dag.py
[2026-06-24T22:10:30.255+0000] {logging_mixin.py:188} INFO - [2026-06-24T22:10:30.254+0000] {dag.py:3096} INFO - Sync 1 DAGs
[2026-06-24T22:10:30.287+0000] {logging_mixin.py:188} INFO - [2026-06-24T22:10:30.287+0000] {dag.py:3954} INFO - Setting next_dagrun for insurance_pipeline to 2026-06-23 01:00:00+00:00, run_after=2026-06-24 01:00:00+00:00
[2026-06-24T22:10:30.328+0000] {processor.py:183} INFO - Processing /opt/airflow/dags/insurance_pipeline_dag.py took 0.177 seconds
[2026-06-24T22:11:00.482+0000] {processor.py:161} INFO - Started process (PID=223) to work on /opt/airflow/dags/insurance_pipeline_dag.py
[2026-06-24T22:11:00.484+0000] {processor.py:830} INFO - Processing file /opt/airflow/dags/insurance_pipeline_dag.py for tasks to queue
[2026-06-24T22:11:00.488+0000] {logging_mixin.py:188} INFO - [2026-06-24T22:11:00.487+0000] {dagbag.py:540} INFO - Filling up the DagBag from /opt/airflow/dags/insurance_pipeline_dag.py
[2026-06-24T22:11:00.526+0000] {processor.py:840} INFO - DAG(s) 'insurance_pipeline' retrieved from /opt/airflow/dags/insurance_pipeline_dag.py
[2026-06-24T22:11:00.579+0000] {logging_mixin.py:188} INFO - [2026-06-24T22:11:00.579+0000] {dag.py:3096} INFO - Sync 1 DAGs
[2026-06-24T22:11:00.612+0000] {logging_mixin.py:188} INFO - [2026-06-24T22:11:00.612+0000] {dag.py:3954} INFO - Setting next_dagrun for insurance_pipeline to 2026-06-23 01:00:00+00:00, run_after=2026-06-24 01:00:00+00:00
[2026-06-24T22:11:00.643+0000] {processor.py:183} INFO - Processing /opt/airflow/dags/insurance_pipeline_dag.py took 0.171 seconds
[2026-06-24T22:11:30.807+0000] {processor.py:161} INFO - Started process (PID=228) to work on /opt/airflow/dags/insurance_pipeline_dag.py
[2026-06-24T22:11:30.810+0000] {processor.py:830} INFO - Processing file /opt/airflow/dags/insurance_pipeline_dag.py for tasks to queue
[2026-06-24T22:11:30.814+0000] {logging_mixin.py:188} INFO - [2026-06-24T22:11:30.813+0000] {dagbag.py:540} INFO - Filling up the DagBag from /opt/airflow/dags/insurance_pipeline_dag.py
[2026-06-24T22:11:30.863+0000] {processor.py:840} INFO - DAG(s) 'insurance_pipeline' retrieved from /opt/airflow/dags/insurance_pipeline_dag.py
[2026-06-24T22:11:30.924+0000] {logging_mixin.py:188} INFO - [2026-06-24T22:11:30.924+0000] {dag.py:3096} INFO - Sync 1 DAGs
[2026-06-24T22:11:30.980+0000] {logging_mixin.py:188} INFO - [2026-06-24T22:11:30.979+0000] {dag.py:3954} INFO - Setting next_dagrun for insurance_pipeline to 2026-06-23 01:00:00+00:00, run_after=2026-06-24 01:00:00+00:00
[2026-06-24T22:11:31.025+0000] {processor.py:183} INFO - Processing /opt/airflow/dags/insurance_pipeline_dag.py took 0.230 seconds
[2026-06-24T22:12:01.217+0000] {processor.py:161} INFO - Started process (PID=233) to work on /opt/airflow/dags/insurance_pipeline_dag.py
[2026-06-24T22:12:01.219+0000] {processor.py:830} INFO - Processing file /opt/airflow/dags/insurance_pipeline_dag.py for tasks to queue
[2026-06-24T22:12:01.222+0000] {logging_mixin.py:188} INFO - [2026-06-24T22:12:01.222+0000] {dagbag.py:540} INFO - Filling up the DagBag from /opt/airflow/dags/insurance_pipeline_dag.py
[2026-06-24T22:12:01.259+0000] {processor.py:840} INFO - DAG(s) 'insurance_pipeline' retrieved from /opt/airflow/dags/insurance_pipeline_dag.py
[2026-06-24T22:12:01.304+0000] {logging_mixin.py:188} INFO - [2026-06-24T22:12:01.304+0000] {dag.py:3096} INFO - Sync 1 DAGs
[2026-06-24T22:12:01.334+0000] {logging_mixin.py:188} INFO - [2026-06-24T22:12:01.333+0000] {dag.py:3954} INFO - Setting next_dagrun for insurance_pipeline to 2026-06-23 01:00:00+00:00, run_after=2026-06-24 01:00:00+00:00
[2026-06-24T22:12:01.365+0000] {processor.py:183} INFO - Processing /opt/airflow/dags/insurance_pipeline_dag.py took 0.156 seconds
[2026-06-24T22:12:31.522+0000] {processor.py:161} INFO - Started process (PID=238) to work on /opt/airflow/dags/insurance_pipeline_dag.py
[2026-06-24T22:12:31.524+0000] {processor.py:830} INFO - Processing file /opt/airflow/dags/insurance_pipeline_dag.py for tasks to queue
[2026-06-24T22:12:31.527+0000] {logging_mixin.py:188} INFO - [2026-06-24T22:12:31.527+0000] {dagbag.py:540} INFO - Filling up the DagBag from /opt/airflow/dags/insurance_pipeline_dag.py
[2026-06-24T22:12:31.563+0000] {processor.py:840} INFO - DAG(s) 'insurance_pipeline' retrieved from /opt/airflow/dags/insurance_pipeline_dag.py
[2026-06-24T22:12:31.612+0000] {logging_mixin.py:188} INFO - [2026-06-24T22:12:31.611+0000] {dag.py:3096} INFO - Sync 1 DAGs
[2026-06-24T22:12:31.646+0000] {logging_mixin.py:188} INFO - [2026-06-24T22:12:31.645+0000] {dag.py:3954} INFO - Setting next_dagrun for insurance_pipeline to 2026-06-23 01:00:00+00:00, run_after=2026-06-24 01:00:00+00:00
[2026-06-24T22:12:31.680+0000] {processor.py:183} INFO - Processing /opt/airflow/dags/insurance_pipeline_dag.py took 0.168 seconds
[2026-06-24T22:13:01.858+0000] {processor.py:161} INFO - Started process (PID=243) to work on /opt/airflow/dags/insurance_pipeline_dag.py
[2026-06-24T22:13:01.860+0000] {processor.py:830} INFO - Processing file /opt/airflow/dags/insurance_pipeline_dag.py for tasks to queue
[2026-06-24T22:13:01.864+0000] {logging_mixin.py:188} INFO - [2026-06-24T22:13:01.863+0000] {dagbag.py:540} INFO - Filling up the DagBag from /opt/airflow/dags/insurance_pipeline_dag.py
[2026-06-24T22:13:01.901+0000] {processor.py:840} INFO - DAG(s) 'insurance_pipeline' retrieved from /opt/airflow/dags/insurance_pipeline_dag.py
[2026-06-24T22:13:01.951+0000] {logging_mixin.py:188} INFO - [2026-06-24T22:13:01.951+0000] {dag.py:3096} INFO - Sync 1 DAGs
[2026-06-24T22:13:01.985+0000] {logging_mixin.py:188} INFO - [2026-06-24T22:13:01.985+0000] {dag.py:3954} INFO - Setting next_dagrun for insurance_pipeline to 2026-06-23 01:00:00+00:00, run_after=2026-06-24 01:00:00+00:00
[2026-06-24T22:13:02.015+0000] {processor.py:183} INFO - Processing /opt/airflow/dags/insurance_pipeline_dag.py took 0.167 seconds
[2026-06-24T22:13:32.161+0000] {processor.py:161} INFO - Started process (PID=251) to work on /opt/airflow/dags/insurance_pipeline_dag.py
[2026-06-24T22:13:32.163+0000] {processor.py:830} INFO - Processing file /opt/airflow/dags/insurance_pipeline_dag.py for tasks to queue
[2026-06-24T22:13:32.166+0000] {logging_mixin.py:188} INFO - [2026-06-24T22:13:32.165+0000] {dagbag.py:540} INFO - Filling up the DagBag from /opt/airflow/dags/insurance_pipeline_dag.py
[2026-06-24T22:13:32.200+0000] {processor.py:840} INFO - DAG(s) 'insurance_pipeline' retrieved from /opt/airflow/dags/insurance_pipeline_dag.py
[2026-06-24T22:13:32.251+0000] {logging_mixin.py:188} INFO - [2026-06-24T22:13:32.250+0000] {dag.py:3096} INFO - Sync 1 DAGs
[2026-06-24T22:13:32.313+0000] {processor.py:183} INFO - Processing /opt/airflow/dags/insurance_pipeline_dag.py took 0.159 seconds
[2026-06-24T22:14:02.470+0000] {processor.py:161} INFO - Started process (PID=256) to work on /opt/airflow/dags/insurance_pipeline_dag.py
[2026-06-24T22:14:02.472+0000] {processor.py:830} INFO - Processing file /opt/airflow/dags/insurance_pipeline_dag.py for tasks to queue
[2026-06-24T22:14:02.476+0000] {logging_mixin.py:188} INFO - [2026-06-24T22:14:02.476+0000] {dagbag.py:540} INFO - Filling up the DagBag from /opt/airflow/dags/insurance_pipeline_dag.py
[2026-06-24T22:14:02.514+0000] {processor.py:840} INFO - DAG(s) 'insurance_pipeline' retrieved from /opt/airflow/dags/insurance_pipeline_dag.py
[2026-06-24T22:14:02.568+0000] {logging_mixin.py:188} INFO - [2026-06-24T22:14:02.567+0000] {dag.py:3096} INFO - Sync 1 DAGs
[2026-06-24T22:14:02.633+0000] {processor.py:183} INFO - Processing /opt/airflow/dags/insurance_pipeline_dag.py took 0.172 seconds
[2026-06-24T22:14:32.787+0000] {processor.py:161} INFO - Started process (PID=261) to work on /opt/airflow/dags/insurance_pipeline_dag.py
[2026-06-24T22:14:32.789+0000] {processor.py:830} INFO - Processing file /opt/airflow/dags/insurance_pipeline_dag.py for tasks to queue
[2026-06-24T22:14:32.793+0000] {logging_mixin.py:188} INFO - [2026-06-24T22:14:32.793+0000] {dagbag.py:540} INFO - Filling up the DagBag from /opt/airflow/dags/insurance_pipeline_dag.py
[2026-06-24T22:14:32.833+0000] {processor.py:840} INFO - DAG(s) 'insurance_pipeline' retrieved from /opt/airflow/dags/insurance_pipeline_dag.py
[2026-06-24T22:14:32.882+0000] {logging_mixin.py:188} INFO - [2026-06-24T22:14:32.882+0000] {dag.py:3096} INFO - Sync 1 DAGs
[2026-06-24T22:14:32.947+0000] {processor.py:183} INFO - Processing /opt/airflow/dags/insurance_pipeline_dag.py took 0.169 seconds
[2026-06-24T22:15:03.109+0000] {processor.py:161} INFO - Started process (PID=266) to work on /opt/airflow/dags/insurance_pipeline_dag.py
[2026-06-24T22:15:03.111+0000] {processor.py:830} INFO - Processing file /opt/airflow/dags/insurance_pipeline_dag.py for tasks to queue
[2026-06-24T22:15:03.115+0000] {logging_mixin.py:188} INFO - [2026-06-24T22:15:03.115+0000] {dagbag.py:540} INFO - Filling up the DagBag from /opt/airflow/dags/insurance_pipeline_dag.py
[2026-06-24T22:15:03.151+0000] {processor.py:840} INFO - DAG(s) 'insurance_pipeline' retrieved from /opt/airflow/dags/insurance_pipeline_dag.py
[2026-06-24T22:15:03.203+0000] {logging_mixin.py:188} INFO - [2026-06-24T22:15:03.203+0000] {dag.py:3096} INFO - Sync 1 DAGs
[2026-06-24T22:15:03.270+0000] {processor.py:183} INFO - Processing /opt/airflow/dags/insurance_pipeline_dag.py took 0.171 seconds
[2026-06-24T22:15:33.418+0000] {processor.py:161} INFO - Started process (PID=271) to work on /opt/airflow/dags/insurance_pipeline_dag.py
[2026-06-24T22:15:33.421+0000] {processor.py:830} INFO - Processing file /opt/airflow/dags/insurance_pipeline_dag.py for tasks to queue
[2026-06-24T22:15:33.424+0000] {logging_mixin.py:188} INFO - [2026-06-24T22:15:33.423+0000] {dagbag.py:540} INFO - Filling up the DagBag from /opt/airflow/dags/insurance_pipeline_dag.py
[2026-06-24T22:15:33.462+0000] {processor.py:840} INFO - DAG(s) 'insurance_pipeline' retrieved from /opt/airflow/dags/insurance_pipeline_dag.py
[2026-06-24T22:15:33.512+0000] {logging_mixin.py:188} INFO - [2026-06-24T22:15:33.512+0000] {dag.py:3096} INFO - Sync 1 DAGs
[2026-06-24T22:15:33.576+0000] {processor.py:183} INFO - Processing /opt/airflow/dags/insurance_pipeline_dag.py took 0.166 seconds
[2026-06-24T22:16:03.735+0000] {processor.py:161} INFO - Started process (PID=276) to work on /opt/airflow/dags/insurance_pipeline_dag.py
[2026-06-24T22:16:03.736+0000] {processor.py:830} INFO - Processing file /opt/airflow/dags/insurance_pipeline_dag.py for tasks to queue
[2026-06-24T22:16:03.740+0000] {logging_mixin.py:188} INFO - [2026-06-24T22:16:03.739+0000] {dagbag.py:540} INFO - Filling up the DagBag from /opt/airflow/dags/insurance_pipeline_dag.py
[2026-06-24T22:16:03.780+0000] {processor.py:840} INFO - DAG(s) 'insurance_pipeline' retrieved from /opt/airflow/dags/insurance_pipeline_dag.py
[2026-06-24T22:16:03.830+0000] {logging_mixin.py:188} INFO - [2026-06-24T22:16:03.830+0000] {dag.py:3096} INFO - Sync 1 DAGs
[2026-06-24T22:16:03.897+0000] {processor.py:183} INFO - Processing /opt/airflow/dags/insurance_pipeline_dag.py took 0.172 seconds
[2026-06-24T22:16:34.062+0000] {processor.py:161} INFO - Started process (PID=281) to work on /opt/airflow/dags/insurance_pipeline_dag.py
[2026-06-24T22:16:34.063+0000] {processor.py:830} INFO - Processing file /opt/airflow/dags/insurance_pipeline_dag.py for tasks to queue
[2026-06-24T22:16:34.067+0000] {logging_mixin.py:188} INFO - [2026-06-24T22:16:34.066+0000] {dagbag.py:540} INFO - Filling up the DagBag from /opt/airflow/dags/insurance_pipeline_dag.py
[2026-06-24T22:16:34.110+0000] {processor.py:840} INFO - DAG(s) 'insurance_pipeline' retrieved from /opt/airflow/dags/insurance_pipeline_dag.py
[2026-06-24T22:16:34.182+0000] {logging_mixin.py:188} INFO - [2026-06-24T22:16:34.182+0000] {dag.py:3096} INFO - Sync 1 DAGs
[2026-06-24T22:16:34.265+0000] {processor.py:183} INFO - Processing /opt/airflow/dags/insurance_pipeline_dag.py took 0.212 seconds
[2026-06-24T22:17:04.424+0000] {processor.py:161} INFO - Started process (PID=292) to work on /opt/airflow/dags/insurance_pipeline_dag.py
[2026-06-24T22:17:04.426+0000] {processor.py:830} INFO - Processing file /opt/airflow/dags/insurance_pipeline_dag.py for tasks to queue
[2026-06-24T22:17:04.429+0000] {logging_mixin.py:188} INFO - [2026-06-24T22:17:04.428+0000] {dagbag.py:540} INFO - Filling up the DagBag from /opt/airflow/dags/insurance_pipeline_dag.py
[2026-06-24T22:17:04.468+0000] {processor.py:840} INFO - DAG(s) 'insurance_pipeline' retrieved from /opt/airflow/dags/insurance_pipeline_dag.py
[2026-06-24T22:17:04.526+0000] {logging_mixin.py:188} INFO - [2026-06-24T22:17:04.526+0000] {dag.py:3096} INFO - Sync 1 DAGs
[2026-06-24T22:17:04.594+0000] {processor.py:183} INFO - Processing /opt/airflow/dags/insurance_pipeline_dag.py took 0.179 seconds
[2026-06-24T22:17:34.764+0000] {processor.py:161} INFO - Started process (PID=297) to work on /opt/airflow/dags/insurance_pipeline_dag.py
[2026-06-24T22:17:34.766+0000] {processor.py:830} INFO - Processing file /opt/airflow/dags/insurance_pipeline_dag.py for tasks to queue
[2026-06-24T22:17:34.769+0000] {logging_mixin.py:188} INFO - [2026-06-24T22:17:34.769+0000] {dagbag.py:540} INFO - Filling up the DagBag from /opt/airflow/dags/insurance_pipeline_dag.py
[2026-06-24T22:17:34.827+0000] {processor.py:840} INFO - DAG(s) 'insurance_pipeline' retrieved from /opt/airflow/dags/insurance_pipeline_dag.py
[2026-06-24T22:17:34.882+0000] {logging_mixin.py:188} INFO - [2026-06-24T22:17:34.881+0000] {dag.py:3096} INFO - Sync 1 DAGs
[2026-06-24T22:17:34.952+0000] {processor.py:183} INFO - Processing /opt/airflow/dags/insurance_pipeline_dag.py took 0.198 seconds
[2026-06-24T22:18:05.105+0000] {processor.py:161} INFO - Started process (PID=302) to work on /opt/airflow/dags/insurance_pipeline_dag.py
[2026-06-24T22:18:05.107+0000] {processor.py:830} INFO - Processing file /opt/airflow/dags/insurance_pipeline_dag.py for tasks to queue
[2026-06-24T22:18:05.111+0000] {logging_mixin.py:188} INFO - [2026-06-24T22:18:05.110+0000] {dagbag.py:540} INFO - Filling up the DagBag from /opt/airflow/dags/insurance_pipeline_dag.py
[2026-06-24T22:18:05.152+0000] {processor.py:840} INFO - DAG(s) 'insurance_pipeline' retrieved from /opt/airflow/dags/insurance_pipeline_dag.py
[2026-06-24T22:18:05.201+0000] {logging_mixin.py:188} INFO - [2026-06-24T22:18:05.200+0000] {dag.py:3096} INFO - Sync 1 DAGs
[2026-06-24T22:18:05.262+0000] {processor.py:183} INFO - Processing /opt/airflow/dags/insurance_pipeline_dag.py took 0.166 seconds
[2026-06-24T22:18:35.420+0000] {processor.py:161} INFO - Started process (PID=319) to work on /opt/airflow/dags/insurance_pipeline_dag.py
[2026-06-24T22:18:35.422+0000] {processor.py:830} INFO - Processing file /opt/airflow/dags/insurance_pipeline_dag.py for tasks to queue
[2026-06-24T22:18:35.425+0000] {logging_mixin.py:188} INFO - [2026-06-24T22:18:35.425+0000] {dagbag.py:540} INFO - Filling up the DagBag from /opt/airflow/dags/insurance_pipeline_dag.py
[2026-06-24T22:18:35.460+0000] {processor.py:840} INFO - DAG(s) 'insurance_pipeline' retrieved from /opt/airflow/dags/insurance_pipeline_dag.py
[2026-06-24T22:18:35.504+0000] {logging_mixin.py:188} INFO - [2026-06-24T22:18:35.504+0000] {dag.py:3096} INFO - Sync 1 DAGs
[2026-06-24T22:18:35.572+0000] {processor.py:183} INFO - Processing /opt/airflow/dags/insurance_pipeline_dag.py took 0.160 seconds
[2026-06-24T22:19:05.729+0000] {processor.py:161} INFO - Started process (PID=324) to work on /opt/airflow/dags/insurance_pipeline_dag.py
[2026-06-24T22:19:05.731+0000] {processor.py:830} INFO - Processing file /opt/airflow/dags/insurance_pipeline_dag.py for tasks to queue
[2026-06-24T22:19:05.734+0000] {logging_mixin.py:188} INFO - [2026-06-24T22:19:05.733+0000] {dagbag.py:540} INFO - Filling up the DagBag from /opt/airflow/dags/insurance_pipeline_dag.py
[2026-06-24T22:19:05.774+0000] {processor.py:840} INFO - DAG(s) 'insurance_pipeline' retrieved from /opt/airflow/dags/insurance_pipeline_dag.py
[2026-06-24T22:19:05.822+0000] {logging_mixin.py:188} INFO - [2026-06-24T22:19:05.821+0000] {dag.py:3096} INFO - Sync 1 DAGs
[2026-06-24T22:19:05.935+0000] {processor.py:183} INFO - Processing /opt/airflow/dags/insurance_pipeline_dag.py took 0.213 seconds
[2026-06-24T22:19:36.175+0000] {processor.py:161} INFO - Started process (PID=335) to work on /opt/airflow/dags/insurance_pipeline_dag.py
[2026-06-24T22:19:36.179+0000] {processor.py:830} INFO - Processing file /opt/airflow/dags/insurance_pipeline_dag.py for tasks to queue
[2026-06-24T22:19:36.184+0000] {logging_mixin.py:188} INFO - [2026-06-24T22:19:36.183+0000] {dagbag.py:540} INFO - Filling up the DagBag from /opt/airflow/dags/insurance_pipeline_dag.py
[2026-06-24T22:19:36.254+0000] {processor.py:840} INFO - DAG(s) 'insurance_pipeline' retrieved from /opt/airflow/dags/insurance_pipeline_dag.py
[2026-06-24T22:19:36.349+0000] {logging_mixin.py:188} INFO - [2026-06-24T22:19:36.349+0000] {dag.py:3096} INFO - Sync 1 DAGs
[2026-06-24T22:19:36.443+0000] {processor.py:183} INFO - Processing /opt/airflow/dags/insurance_pipeline_dag.py took 0.287 seconds
[2026-06-24T22:20:06.815+0000] {processor.py:161} INFO - Started process (PID=358) to work on /opt/airflow/dags/insurance_pipeline_dag.py
[2026-06-24T22:20:06.819+0000] {processor.py:830} INFO - Processing file /opt/airflow/dags/insurance_pipeline_dag.py for tasks to queue
[2026-06-24T22:20:06.829+0000] {logging_mixin.py:188} INFO - [2026-06-24T22:20:06.825+0000] {dagbag.py:540} INFO - Filling up the DagBag from /opt/airflow/dags/insurance_pipeline_dag.py
[2026-06-24T22:20:06.968+0000] {processor.py:840} INFO - DAG(s) 'insurance_pipeline' retrieved from /opt/airflow/dags/insurance_pipeline_dag.py
[2026-06-24T22:20:07.146+0000] {logging_mixin.py:188} INFO - [2026-06-24T22:20:07.145+0000] {dag.py:3096} INFO - Sync 1 DAGs
[2026-06-24T22:20:07.238+0000] {processor.py:183} INFO - Processing /opt/airflow/dags/insurance_pipeline_dag.py took 0.447 seconds
[2026-06-24T22:20:37.558+0000] {processor.py:161} INFO - Started process (PID=363) to work on /opt/airflow/dags/insurance_pipeline_dag.py
[2026-06-24T22:20:37.560+0000] {processor.py:830} INFO - Processing file /opt/airflow/dags/insurance_pipeline_dag.py for tasks to queue
[2026-06-24T22:20:37.564+0000] {logging_mixin.py:188} INFO - [2026-06-24T22:20:37.564+0000] {dagbag.py:540} INFO - Filling up the DagBag from /opt/airflow/dags/insurance_pipeline_dag.py
[2026-06-24T22:20:37.607+0000] {processor.py:840} INFO - DAG(s) 'insurance_pipeline' retrieved from /opt/airflow/dags/insurance_pipeline_dag.py
[2026-06-24T22:20:37.659+0000] {logging_mixin.py:188} INFO - [2026-06-24T22:20:37.659+0000] {dag.py:3096} INFO - Sync 1 DAGs
[2026-06-24T22:20:37.725+0000] {processor.py:183} INFO - Processing /opt/airflow/dags/insurance_pipeline_dag.py took 0.177 seconds
[2026-06-24T22:21:07.900+0000] {processor.py:161} INFO - Started process (PID=368) to work on /opt/airflow/dags/insurance_pipeline_dag.py
[2026-06-24T22:21:07.902+0000] {processor.py:830} INFO - Processing file /opt/airflow/dags/insurance_pipeline_dag.py for tasks to queue
[2026-06-24T22:21:07.907+0000] {logging_mixin.py:188} INFO - [2026-06-24T22:21:07.906+0000] {dagbag.py:540} INFO - Filling up the DagBag from /opt/airflow/dags/insurance_pipeline_dag.py
[2026-06-24T22:21:07.951+0000] {processor.py:840} INFO - DAG(s) 'insurance_pipeline' retrieved from /opt/airflow/dags/insurance_pipeline_dag.py
[2026-06-24T22:21:08.009+0000] {logging_mixin.py:188} INFO - [2026-06-24T22:21:08.008+0000] {dag.py:3096} INFO - Sync 1 DAGs
[2026-06-24T22:21:08.081+0000] {processor.py:183} INFO - Processing /opt/airflow/dags/insurance_pipeline_dag.py took 0.196 seconds
[2026-06-24T22:21:38.288+0000] {processor.py:161} INFO - Started process (PID=373) to work on /opt/airflow/dags/insurance_pipeline_dag.py
[2026-06-24T22:21:38.291+0000] {processor.py:830} INFO - Processing file /opt/airflow/dags/insurance_pipeline_dag.py for tasks to queue
[2026-06-24T22:21:38.295+0000] {logging_mixin.py:188} INFO - [2026-06-24T22:21:38.294+0000] {dagbag.py:540} INFO - Filling up the DagBag from /opt/airflow/dags/insurance_pipeline_dag.py
[2026-06-24T22:21:38.345+0000] {processor.py:840} INFO - DAG(s) 'insurance_pipeline' retrieved from /opt/airflow/dags/insurance_pipeline_dag.py
[2026-06-24T22:21:38.404+0000] {logging_mixin.py:188} INFO - [2026-06-24T22:21:38.403+0000] {dag.py:3096} INFO - Sync 1 DAGs
[2026-06-24T22:21:38.475+0000] {processor.py:183} INFO - Processing /opt/airflow/dags/insurance_pipeline_dag.py took 0.199 seconds
[2026-06-24T22:22:08.714+0000] {processor.py:161} INFO - Started process (PID=378) to work on /opt/airflow/dags/insurance_pipeline_dag.py
[2026-06-24T22:22:08.716+0000] {processor.py:830} INFO - Processing file /opt/airflow/dags/insurance_pipeline_dag.py for tasks to queue
[2026-06-24T22:22:08.722+0000] {logging_mixin.py:188} INFO - [2026-06-24T22:22:08.721+0000] {dagbag.py:540} INFO - Filling up the DagBag from /opt/airflow/dags/insurance_pipeline_dag.py
[2026-06-24T22:22:08.767+0000] {processor.py:840} INFO - DAG(s) 'insurance_pipeline' retrieved from /opt/airflow/dags/insurance_pipeline_dag.py
[2026-06-24T22:22:08.833+0000] {logging_mixin.py:188} INFO - [2026-06-24T22:22:08.833+0000] {dag.py:3096} INFO - Sync 1 DAGs
[2026-06-24T22:22:08.914+0000] {processor.py:183} INFO - Processing /opt/airflow/dags/insurance_pipeline_dag.py took 0.214 seconds
[2026-06-24T22:22:39.151+0000] {processor.py:161} INFO - Started process (PID=383) to work on /opt/airflow/dags/insurance_pipeline_dag.py
[2026-06-24T22:22:39.153+0000] {processor.py:830} INFO - Processing file /opt/airflow/dags/insurance_pipeline_dag.py for tasks to queue
[2026-06-24T22:22:39.156+0000] {logging_mixin.py:188} INFO - [2026-06-24T22:22:39.156+0000] {dagbag.py:540} INFO - Filling up the DagBag from /opt/airflow/dags/insurance_pipeline_dag.py
[2026-06-24T22:22:39.227+0000] {processor.py:840} INFO - DAG(s) 'insurance_pipeline' retrieved from /opt/airflow/dags/insurance_pipeline_dag.py
[2026-06-24T22:22:39.280+0000] {logging_mixin.py:188} INFO - [2026-06-24T22:22:39.280+0000] {dag.py:3096} INFO - Sync 1 DAGs
[2026-06-24T22:22:39.358+0000] {processor.py:183} INFO - Processing /opt/airflow/dags/insurance_pipeline_dag.py took 0.217 seconds
[2026-06-24T22:23:09.560+0000] {processor.py:161} INFO - Started process (PID=388) to work on /opt/airflow/dags/insurance_pipeline_dag.py
[2026-06-24T22:23:09.563+0000] {processor.py:830} INFO - Processing file /opt/airflow/dags/insurance_pipeline_dag.py for tasks to queue
[2026-06-24T22:23:09.568+0000] {logging_mixin.py:188} INFO - [2026-06-24T22:23:09.567+0000] {dagbag.py:540} INFO - Filling up the DagBag from /opt/airflow/dags/insurance_pipeline_dag.py
[2026-06-24T22:23:09.642+0000] {processor.py:840} INFO - DAG(s) 'insurance_pipeline' retrieved from /opt/airflow/dags/insurance_pipeline_dag.py
[2026-06-24T22:23:09.709+0000] {logging_mixin.py:188} INFO - [2026-06-24T22:23:09.708+0000] {dag.py:3096} INFO - Sync 1 DAGs
[2026-06-24T22:23:09.787+0000] {processor.py:183} INFO - Processing /opt/airflow/dags/insurance_pipeline_dag.py took 0.241 seconds
[2026-06-24T22:23:48.425+0000] {processor.py:161} INFO - Started process (PID=169) to work on /opt/airflow/dags/insurance_pipeline_dag.py
[2026-06-24T22:23:48.429+0000] {processor.py:830} INFO - Processing file /opt/airflow/dags/insurance_pipeline_dag.py for tasks to queue
[2026-06-24T22:23:48.433+0000] {logging_mixin.py:188} INFO - [2026-06-24T22:23:48.433+0000] {dagbag.py:540} INFO - Filling up the DagBag from /opt/airflow/dags/insurance_pipeline_dag.py
[2026-06-24T22:23:48.487+0000] {processor.py:840} INFO - DAG(s) 'insurance_pipeline' retrieved from /opt/airflow/dags/insurance_pipeline_dag.py
[2026-06-24T22:23:48.556+0000] {logging_mixin.py:188} INFO - [2026-06-24T22:23:48.556+0000] {dag.py:3096} INFO - Sync 1 DAGs
[2026-06-24T22:23:48.665+0000] {processor.py:183} INFO - Processing /opt/airflow/dags/insurance_pipeline_dag.py took 0.253 seconds
[2026-06-24T22:24:18.889+0000] {processor.py:161} INFO - Started process (PID=188) to work on /opt/airflow/dags/insurance_pipeline_dag.py
[2026-06-24T22:24:18.891+0000] {processor.py:830} INFO - Processing file /opt/airflow/dags/insurance_pipeline_dag.py for tasks to queue
[2026-06-24T22:24:18.895+0000] {logging_mixin.py:188} INFO - [2026-06-24T22:24:18.894+0000] {dagbag.py:540} INFO - Filling up the DagBag from /opt/airflow/dags/insurance_pipeline_dag.py
[2026-06-24T22:24:18.951+0000] {processor.py:840} INFO - DAG(s) 'insurance_pipeline' retrieved from /opt/airflow/dags/insurance_pipeline_dag.py
[2026-06-24T22:24:19.298+0000] {logging_mixin.py:188} INFO - [2026-06-24T22:24:19.298+0000] {dag.py:3096} INFO - Sync 1 DAGs
[2026-06-24T22:24:19.326+0000] {logging_mixin.py:188} INFO - [2026-06-24T22:24:19.326+0000] {dag.py:3954} INFO - Setting next_dagrun for insurance_pipeline to 2026-06-24 01:00:00+00:00, run_after=2026-06-25 01:00:00+00:00
[2026-06-24T22:24:19.359+0000] {processor.py:183} INFO - Processing /opt/airflow/dags/insurance_pipeline_dag.py took 0.480 seconds
[2026-06-24T22:24:49.860+0000] {processor.py:161} INFO - Started process (PID=193) to work on /opt/airflow/dags/insurance_pipeline_dag.py
[2026-06-24T22:24:49.862+0000] {processor.py:830} INFO - Processing file /opt/airflow/dags/insurance_pipeline_dag.py for tasks to queue
[2026-06-24T22:24:49.866+0000] {logging_mixin.py:188} INFO - [2026-06-24T22:24:49.865+0000] {dagbag.py:540} INFO - Filling up the DagBag from /opt/airflow/dags/insurance_pipeline_dag.py
[2026-06-24T22:24:49.902+0000] {processor.py:840} INFO - DAG(s) 'insurance_pipeline' retrieved from /opt/airflow/dags/insurance_pipeline_dag.py
[2026-06-24T22:24:49.957+0000] {logging_mixin.py:188} INFO - [2026-06-24T22:24:49.956+0000] {dag.py:3096} INFO - Sync 1 DAGs
[2026-06-24T22:24:49.989+0000] {logging_mixin.py:188} INFO - [2026-06-24T22:24:49.989+0000] {dag.py:3954} INFO - Setting next_dagrun for insurance_pipeline to 2026-06-24 01:00:00+00:00, run_after=2026-06-25 01:00:00+00:00
[2026-06-24T22:24:50.021+0000] {processor.py:183} INFO - Processing /opt/airflow/dags/insurance_pipeline_dag.py took 0.168 seconds
[2026-06-24T22:25:20.189+0000] {processor.py:161} INFO - Started process (PID=198) to work on /opt/airflow/dags/insurance_pipeline_dag.py
[2026-06-24T22:25:20.191+0000] {processor.py:830} INFO - Processing file /opt/airflow/dags/insurance_pipeline_dag.py for tasks to queue
[2026-06-24T22:25:20.194+0000] {logging_mixin.py:188} INFO - [2026-06-24T22:25:20.194+0000] {dagbag.py:540} INFO - Filling up the DagBag from /opt/airflow/dags/insurance_pipeline_dag.py
[2026-06-24T22:25:20.229+0000] {processor.py:840} INFO - DAG(s) 'insurance_pipeline' retrieved from /opt/airflow/dags/insurance_pipeline_dag.py
[2026-06-24T22:25:20.275+0000] {logging_mixin.py:188} INFO - [2026-06-24T22:25:20.275+0000] {dag.py:3096} INFO - Sync 1 DAGs
[2026-06-24T22:25:20.309+0000] {logging_mixin.py:188} INFO - [2026-06-24T22:25:20.309+0000] {dag.py:3954} INFO - Setting next_dagrun for insurance_pipeline to 2026-06-24 01:00:00+00:00, run_after=2026-06-25 01:00:00+00:00
[2026-06-24T22:25:20.344+0000] {processor.py:183} INFO - Processing /opt/airflow/dags/insurance_pipeline_dag.py took 0.162 seconds
[2026-06-24T22:25:50.497+0000] {processor.py:161} INFO - Started process (PID=203) to work on /opt/airflow/dags/insurance_pipeline_dag.py
[2026-06-24T22:25:50.499+0000] {processor.py:830} INFO - Processing file /opt/airflow/dags/insurance_pipeline_dag.py for tasks to queue
[2026-06-24T22:25:50.502+0000] {logging_mixin.py:188} INFO - [2026-06-24T22:25:50.502+0000] {dagbag.py:540} INFO - Filling up the DagBag from /opt/airflow/dags/insurance_pipeline_dag.py
[2026-06-24T22:25:50.545+0000] {processor.py:840} INFO - DAG(s) 'insurance_pipeline' retrieved from /opt/airflow/dags/insurance_pipeline_dag.py
[2026-06-24T22:25:50.598+0000] {logging_mixin.py:188} INFO - [2026-06-24T22:25:50.597+0000] {dag.py:3096} INFO - Sync 1 DAGs
[2026-06-24T22:25:50.635+0000] {logging_mixin.py:188} INFO - [2026-06-24T22:25:50.634+0000] {dag.py:3954} INFO - Setting next_dagrun for insurance_pipeline to 2026-06-24 01:00:00+00:00, run_after=2026-06-25 01:00:00+00:00
[2026-06-24T22:25:50.670+0000] {processor.py:183} INFO - Processing /opt/airflow/dags/insurance_pipeline_dag.py took 0.182 seconds
[2026-06-24T22:26:20.792+0000] {processor.py:161} INFO - Started process (PID=208) to work on /opt/airflow/dags/insurance_pipeline_dag.py
[2026-06-24T22:26:20.794+0000] {processor.py:830} INFO - Processing file /opt/airflow/dags/insurance_pipeline_dag.py for tasks to queue
[2026-06-24T22:26:20.798+0000] {logging_mixin.py:188} INFO - [2026-06-24T22:26:20.797+0000] {dagbag.py:540} INFO - Filling up the DagBag from /opt/airflow/dags/insurance_pipeline_dag.py
[2026-06-24T22:26:20.837+0000] {processor.py:840} INFO - DAG(s) 'insurance_pipeline' retrieved from /opt/airflow/dags/insurance_pipeline_dag.py
[2026-06-24T22:26:20.891+0000] {logging_mixin.py:188} INFO - [2026-06-24T22:26:20.891+0000] {dag.py:3096} INFO - Sync 1 DAGs
[2026-06-24T22:26:20.925+0000] {logging_mixin.py:188} INFO - [2026-06-24T22:26:20.925+0000] {dag.py:3954} INFO - Setting next_dagrun for insurance_pipeline to 2026-06-24 01:00:00+00:00, run_after=2026-06-25 01:00:00+00:00
[2026-06-24T22:26:20.960+0000] {processor.py:183} INFO - Processing /opt/airflow/dags/insurance_pipeline_dag.py took 0.175 seconds
[2026-06-24T22:26:51.102+0000] {processor.py:161} INFO - Started process (PID=213) to work on /opt/airflow/dags/insurance_pipeline_dag.py
[2026-06-24T22:26:51.105+0000] {processor.py:830} INFO - Processing file /opt/airflow/dags/insurance_pipeline_dag.py for tasks to queue
[2026-06-24T22:26:51.108+0000] {logging_mixin.py:188} INFO - [2026-06-24T22:26:51.108+0000] {dagbag.py:540} INFO - Filling up the DagBag from /opt/airflow/dags/insurance_pipeline_dag.py
[2026-06-24T22:26:51.148+0000] {processor.py:840} INFO - DAG(s) 'insurance_pipeline' retrieved from /opt/airflow/dags/insurance_pipeline_dag.py
[2026-06-24T22:26:51.196+0000] {logging_mixin.py:188} INFO - [2026-06-24T22:26:51.195+0000] {dag.py:3096} INFO - Sync 1 DAGs
[2026-06-24T22:26:51.228+0000] {logging_mixin.py:188} INFO - [2026-06-24T22:26:51.227+0000] {dag.py:3954} INFO - Setting next_dagrun for insurance_pipeline to 2026-06-24 01:00:00+00:00, run_after=2026-06-25 01:00:00+00:00
[2026-06-24T22:26:51.261+0000] {processor.py:183} INFO - Processing /opt/airflow/dags/insurance_pipeline_dag.py took 0.168 seconds
[2026-06-24T22:27:21.388+0000] {processor.py:161} INFO - Started process (PID=218) to work on /opt/airflow/dags/insurance_pipeline_dag.py
[2026-06-24T22:27:21.390+0000] {processor.py:830} INFO - Processing file /opt/airflow/dags/insurance_pipeline_dag.py for tasks to queue
[2026-06-24T22:27:21.394+0000] {logging_mixin.py:188} INFO - [2026-06-24T22:27:21.393+0000] {dagbag.py:540} INFO - Filling up the DagBag from /opt/airflow/dags/insurance_pipeline_dag.py
[2026-06-24T22:27:21.427+0000] {processor.py:840} INFO - DAG(s) 'insurance_pipeline' retrieved from /opt/airflow/dags/insurance_pipeline_dag.py
[2026-06-24T22:27:21.469+0000] {logging_mixin.py:188} INFO - [2026-06-24T22:27:21.469+0000] {dag.py:3096} INFO - Sync 1 DAGs
[2026-06-24T22:27:21.499+0000] {logging_mixin.py:188} INFO - [2026-06-24T22:27:21.499+0000] {dag.py:3954} INFO - Setting next_dagrun for insurance_pipeline to 2026-06-24 01:00:00+00:00, run_after=2026-06-25 01:00:00+00:00
[2026-06-24T22:27:21.529+0000] {processor.py:183} INFO - Processing /opt/airflow/dags/insurance_pipeline_dag.py took 0.148 seconds
[2026-06-24T22:27:51.664+0000] {processor.py:161} INFO - Started process (PID=223) to work on /opt/airflow/dags/insurance_pipeline_dag.py
[2026-06-24T22:27:51.666+0000] {processor.py:830} INFO - Processing file /opt/airflow/dags/insurance_pipeline_dag.py for tasks to queue
[2026-06-24T22:27:51.669+0000] {logging_mixin.py:188} INFO - [2026-06-24T22:27:51.668+0000] {dagbag.py:540} INFO - Filling up the DagBag from /opt/airflow/dags/insurance_pipeline_dag.py
[2026-06-24T22:27:51.703+0000] {processor.py:840} INFO - DAG(s) 'insurance_pipeline' retrieved from /opt/airflow/dags/insurance_pipeline_dag.py
[2026-06-24T22:27:51.754+0000] {logging_mixin.py:188} INFO - [2026-06-24T22:27:51.753+0000] {dag.py:3096} INFO - Sync 1 DAGs
[2026-06-24T22:27:51.789+0000] {logging_mixin.py:188} INFO - [2026-06-24T22:27:51.788+0000] {dag.py:3954} INFO - Setting next_dagrun for insurance_pipeline to 2026-06-24 01:00:00+00:00, run_after=2026-06-25 01:00:00+00:00
[2026-06-24T22:27:51.829+0000] {processor.py:183} INFO - Processing /opt/airflow/dags/insurance_pipeline_dag.py took 0.172 seconds
[2026-06-24T22:28:21.978+0000] {processor.py:161} INFO - Started process (PID=228) to work on /opt/airflow/dags/insurance_pipeline_dag.py
[2026-06-24T22:28:21.980+0000] {processor.py:830} INFO - Processing file /opt/airflow/dags/insurance_pipeline_dag.py for tasks to queue
[2026-06-24T22:28:21.982+0000] {logging_mixin.py:188} INFO - [2026-06-24T22:28:21.982+0000] {dagbag.py:540} INFO - Filling up the DagBag from /opt/airflow/dags/insurance_pipeline_dag.py
[2026-06-24T22:28:22.017+0000] {processor.py:840} INFO - DAG(s) 'insurance_pipeline' retrieved from /opt/airflow/dags/insurance_pipeline_dag.py
[2026-06-24T22:28:22.063+0000] {logging_mixin.py:188} INFO - [2026-06-24T22:28:22.062+0000] {dag.py:3096} INFO - Sync 1 DAGs
[2026-06-24T22:28:22.096+0000] {logging_mixin.py:188} INFO - [2026-06-24T22:28:22.095+0000] {dag.py:3954} INFO - Setting next_dagrun for insurance_pipeline to 2026-06-24 01:00:00+00:00, run_after=2026-06-25 01:00:00+00:00
[2026-06-24T22:28:22.128+0000] {processor.py:183} INFO - Processing /opt/airflow/dags/insurance_pipeline_dag.py took 0.157 seconds
[2026-06-24T22:28:52.317+0000] {processor.py:161} INFO - Started process (PID=233) to work on /opt/airflow/dags/insurance_pipeline_dag.py
[2026-06-24T22:28:52.320+0000] {processor.py:830} INFO - Processing file /opt/airflow/dags/insurance_pipeline_dag.py for tasks to queue
[2026-06-24T22:28:52.323+0000] {logging_mixin.py:188} INFO - [2026-06-24T22:28:52.322+0000] {dagbag.py:540} INFO - Filling up the DagBag from /opt/airflow/dags/insurance_pipeline_dag.py
[2026-06-24T22:28:52.358+0000] {processor.py:840} INFO - DAG(s) 'insurance_pipeline' retrieved from /opt/airflow/dags/insurance_pipeline_dag.py
[2026-06-24T22:28:52.408+0000] {logging_mixin.py:188} INFO - [2026-06-24T22:28:52.408+0000] {dag.py:3096} INFO - Sync 1 DAGs
[2026-06-24T22:28:52.442+0000] {logging_mixin.py:188} INFO - [2026-06-24T22:28:52.442+0000] {dag.py:3954} INFO - Setting next_dagrun for insurance_pipeline to 2026-06-24 01:00:00+00:00, run_after=2026-06-25 01:00:00+00:00
[2026-06-24T22:28:52.475+0000] {processor.py:183} INFO - Processing /opt/airflow/dags/insurance_pipeline_dag.py took 0.165 seconds
[2026-06-24T22:29:22.637+0000] {processor.py:161} INFO - Started process (PID=238) to work on /opt/airflow/dags/insurance_pipeline_dag.py
[2026-06-24T22:29:22.638+0000] {processor.py:830} INFO - Processing file /opt/airflow/dags/insurance_pipeline_dag.py for tasks to queue
[2026-06-24T22:29:22.641+0000] {logging_mixin.py:188} INFO - [2026-06-24T22:29:22.641+0000] {dagbag.py:540} INFO - Filling up the DagBag from /opt/airflow/dags/insurance_pipeline_dag.py
[2026-06-24T22:29:22.675+0000] {processor.py:840} INFO - DAG(s) 'insurance_pipeline' retrieved from /opt/airflow/dags/insurance_pipeline_dag.py
[2026-06-24T22:29:22.724+0000] {logging_mixin.py:188} INFO - [2026-06-24T22:29:22.724+0000] {dag.py:3096} INFO - Sync 1 DAGs
[2026-06-24T22:29:22.760+0000] {logging_mixin.py:188} INFO - [2026-06-24T22:29:22.760+0000] {dag.py:3954} INFO - Setting next_dagrun for insurance_pipeline to 2026-06-24 01:00:00+00:00, run_after=2026-06-25 01:00:00+00:00
[2026-06-24T22:29:22.800+0000] {processor.py:183} INFO - Processing /opt/airflow/dags/insurance_pipeline_dag.py took 0.172 seconds
[2026-06-24T22:29:52.961+0000] {processor.py:161} INFO - Started process (PID=243) to work on /opt/airflow/dags/insurance_pipeline_dag.py
[2026-06-24T22:29:52.963+0000] {processor.py:830} INFO - Processing file /opt/airflow/dags/insurance_pipeline_dag.py for tasks to queue
[2026-06-24T22:29:52.966+0000] {logging_mixin.py:188} INFO - [2026-06-24T22:29:52.966+0000] {dagbag.py:540} INFO - Filling up the DagBag from /opt/airflow/dags/insurance_pipeline_dag.py
[2026-06-24T22:29:53.001+0000] {processor.py:840} INFO - DAG(s) 'insurance_pipeline' retrieved from /opt/airflow/dags/insurance_pipeline_dag.py
[2026-06-24T22:29:53.051+0000] {logging_mixin.py:188} INFO - [2026-06-24T22:29:53.051+0000] {dag.py:3096} INFO - Sync 1 DAGs
[2026-06-24T22:29:53.085+0000] {logging_mixin.py:188} INFO - [2026-06-24T22:29:53.085+0000] {dag.py:3954} INFO - Setting next_dagrun for insurance_pipeline to 2026-06-24 01:00:00+00:00, run_after=2026-06-25 01:00:00+00:00
[2026-06-24T22:29:53.121+0000] {processor.py:183} INFO - Processing /opt/airflow/dags/insurance_pipeline_dag.py took 0.167 seconds
[2026-06-24T22:30:23.270+0000] {processor.py:161} INFO - Started process (PID=248) to work on /opt/airflow/dags/insurance_pipeline_dag.py
[2026-06-24T22:30:23.272+0000] {processor.py:830} INFO - Processing file /opt/airflow/dags/insurance_pipeline_dag.py for tasks to queue
[2026-06-24T22:30:23.276+0000] {logging_mixin.py:188} INFO - [2026-06-24T22:30:23.275+0000] {dagbag.py:540} INFO - Filling up the DagBag from /opt/airflow/dags/insurance_pipeline_dag.py
[2026-06-24T22:30:23.315+0000] {processor.py:840} INFO - DAG(s) 'insurance_pipeline' retrieved from /opt/airflow/dags/insurance_pipeline_dag.py
[2026-06-24T22:30:23.364+0000] {logging_mixin.py:188} INFO - [2026-06-24T22:30:23.363+0000] {dag.py:3096} INFO - Sync 1 DAGs
[2026-06-24T22:30:23.399+0000] {logging_mixin.py:188} INFO - [2026-06-24T22:30:23.398+0000] {dag.py:3954} INFO - Setting next_dagrun for insurance_pipeline to 2026-06-24 01:00:00+00:00, run_after=2026-06-25 01:00:00+00:00
[2026-06-24T22:30:23.433+0000] {processor.py:183} INFO - Processing /opt/airflow/dags/insurance_pipeline_dag.py took 0.173 seconds
[2026-06-24T22:30:53.578+0000] {processor.py:161} INFO - Started process (PID=253) to work on /opt/airflow/dags/insurance_pipeline_dag.py
[2026-06-24T22:30:53.580+0000] {processor.py:830} INFO - Processing file /opt/airflow/dags/insurance_pipeline_dag.py for tasks to queue
[2026-06-24T22:30:53.583+0000] {logging_mixin.py:188} INFO - [2026-06-24T22:30:53.582+0000] {dagbag.py:540} INFO - Filling up the DagBag from /opt/airflow/dags/insurance_pipeline_dag.py
[2026-06-24T22:30:53.622+0000] {processor.py:840} INFO - DAG(s) 'insurance_pipeline' retrieved from /opt/airflow/dags/insurance_pipeline_dag.py
[2026-06-24T22:30:53.672+0000] {logging_mixin.py:188} INFO - [2026-06-24T22:30:53.671+0000] {dag.py:3096} INFO - Sync 1 DAGs
[2026-06-24T22:30:53.705+0000] {logging_mixin.py:188} INFO - [2026-06-24T22:30:53.704+0000] {dag.py:3954} INFO - Setting next_dagrun for insurance_pipeline to 2026-06-24 01:00:00+00:00, run_after=2026-06-25 01:00:00+00:00
[2026-06-24T22:30:53.746+0000] {processor.py:183} INFO - Processing /opt/airflow/dags/insurance_pipeline_dag.py took 0.178 seconds
[2026-06-24T22:31:23.847+0000] {processor.py:161} INFO - Started process (PID=258) to work on /opt/airflow/dags/insurance_pipeline_dag.py
[2026-06-24T22:31:23.849+0000] {processor.py:830} INFO - Processing file /opt/airflow/dags/insurance_pipeline_dag.py for tasks to queue
[2026-06-24T22:31:23.851+0000] {logging_mixin.py:188} INFO - [2026-06-24T22:31:23.851+0000] {dagbag.py:540} INFO - Filling up the DagBag from /opt/airflow/dags/insurance_pipeline_dag.py
[2026-06-24T22:31:23.884+0000] {processor.py:840} INFO - DAG(s) 'insurance_pipeline' retrieved from /opt/airflow/dags/insurance_pipeline_dag.py
[2026-06-24T22:31:23.933+0000] {logging_mixin.py:188} INFO - [2026-06-24T22:31:23.932+0000] {dag.py:3096} INFO - Sync 1 DAGs
[2026-06-24T22:31:23.967+0000] {logging_mixin.py:188} INFO - [2026-06-24T22:31:23.966+0000] {dag.py:3954} INFO - Setting next_dagrun for insurance_pipeline to 2026-06-24 01:00:00+00:00, run_after=2026-06-25 01:00:00+00:00
[2026-06-24T22:31:24.000+0000] {processor.py:183} INFO - Processing /opt/airflow/dags/insurance_pipeline_dag.py took 0.160 seconds
[2026-06-24T22:31:54.151+0000] {processor.py:161} INFO - Started process (PID=263) to work on /opt/airflow/dags/insurance_pipeline_dag.py
[2026-06-24T22:31:54.153+0000] {processor.py:830} INFO - Processing file /opt/airflow/dags/insurance_pipeline_dag.py for tasks to queue
[2026-06-24T22:31:54.156+0000] {logging_mixin.py:188} INFO - [2026-06-24T22:31:54.156+0000] {dagbag.py:540} INFO - Filling up the DagBag from /opt/airflow/dags/insurance_pipeline_dag.py
[2026-06-24T22:31:54.191+0000] {processor.py:840} INFO - DAG(s) 'insurance_pipeline' retrieved from /opt/airflow/dags/insurance_pipeline_dag.py
[2026-06-24T22:31:54.240+0000] {logging_mixin.py:188} INFO - [2026-06-24T22:31:54.240+0000] {dag.py:3096} INFO - Sync 1 DAGs
[2026-06-24T22:31:54.273+0000] {logging_mixin.py:188} INFO - [2026-06-24T22:31:54.272+0000] {dag.py:3954} INFO - Setting next_dagrun for insurance_pipeline to 2026-06-24 01:00:00+00:00, run_after=2026-06-25 01:00:00+00:00
[2026-06-24T22:31:54.306+0000] {processor.py:183} INFO - Processing /opt/airflow/dags/insurance_pipeline_dag.py took 0.164 seconds
[2026-06-24T22:32:24.426+0000] {processor.py:161} INFO - Started process (PID=268) to work on /opt/airflow/dags/insurance_pipeline_dag.py
[2026-06-24T22:32:24.428+0000] {processor.py:830} INFO - Processing file /opt/airflow/dags/insurance_pipeline_dag.py for tasks to queue
[2026-06-24T22:32:24.434+0000] {logging_mixin.py:188} INFO - [2026-06-24T22:32:24.433+0000] {dagbag.py:540} INFO - Filling up the DagBag from /opt/airflow/dags/insurance_pipeline_dag.py
[2026-06-24T22:32:24.473+0000] {processor.py:840} INFO - DAG(s) 'insurance_pipeline' retrieved from /opt/airflow/dags/insurance_pipeline_dag.py
[2026-06-24T22:32:24.518+0000] {logging_mixin.py:188} INFO - [2026-06-24T22:32:24.518+0000] {dag.py:3096} INFO - Sync 1 DAGs
[2026-06-24T22:32:24.549+0000] {logging_mixin.py:188} INFO - [2026-06-24T22:32:24.549+0000] {dag.py:3954} INFO - Setting next_dagrun for insurance_pipeline to 2026-06-24 01:00:00+00:00, run_after=2026-06-25 01:00:00+00:00
[2026-06-24T22:32:24.580+0000] {processor.py:183} INFO - Processing /opt/airflow/dags/insurance_pipeline_dag.py took 0.162 seconds
[2026-06-24T22:32:54.767+0000] {processor.py:161} INFO - Started process (PID=273) to work on /opt/airflow/dags/insurance_pipeline_dag.py
[2026-06-24T22:32:54.769+0000] {processor.py:830} INFO - Processing file /opt/airflow/dags/insurance_pipeline_dag.py for tasks to queue
[2026-06-24T22:32:54.773+0000] {logging_mixin.py:188} INFO - [2026-06-24T22:32:54.772+0000] {dagbag.py:540} INFO - Filling up the DagBag from /opt/airflow/dags/insurance_pipeline_dag.py
[2026-06-24T22:32:54.823+0000] {processor.py:840} INFO - DAG(s) 'insurance_pipeline' retrieved from /opt/airflow/dags/insurance_pipeline_dag.py
[2026-06-24T22:32:54.879+0000] {logging_mixin.py:188} INFO - [2026-06-24T22:32:54.879+0000] {dag.py:3096} INFO - Sync 1 DAGs
[2026-06-24T22:32:54.913+0000] {logging_mixin.py:188} INFO - [2026-06-24T22:32:54.913+0000] {dag.py:3954} INFO - Setting next_dagrun for insurance_pipeline to 2026-06-24 01:00:00+00:00, run_after=2026-06-25 01:00:00+00:00
[2026-06-24T22:32:54.947+0000] {processor.py:183} INFO - Processing /opt/airflow/dags/insurance_pipeline_dag.py took 0.190 seconds
[2026-06-24T22:33:25.099+0000] {processor.py:161} INFO - Started process (PID=278) to work on /opt/airflow/dags/insurance_pipeline_dag.py
[2026-06-24T22:33:25.101+0000] {processor.py:830} INFO - Processing file /opt/airflow/dags/insurance_pipeline_dag.py for tasks to queue
[2026-06-24T22:33:25.104+0000] {logging_mixin.py:188} INFO - [2026-06-24T22:33:25.103+0000] {dagbag.py:540} INFO - Filling up the DagBag from /opt/airflow/dags/insurance_pipeline_dag.py
[2026-06-24T22:33:25.141+0000] {processor.py:840} INFO - DAG(s) 'insurance_pipeline' retrieved from /opt/airflow/dags/insurance_pipeline_dag.py
[2026-06-24T22:33:25.192+0000] {logging_mixin.py:188} INFO - [2026-06-24T22:33:25.192+0000] {dag.py:3096} INFO - Sync 1 DAGs
[2026-06-24T22:33:25.226+0000] {logging_mixin.py:188} INFO - [2026-06-24T22:33:25.225+0000] {dag.py:3954} INFO - Setting next_dagrun for insurance_pipeline to 2026-06-24 01:00:00+00:00, run_after=2026-06-25 01:00:00+00:00
[2026-06-24T22:33:25.259+0000] {processor.py:183} INFO - Processing /opt/airflow/dags/insurance_pipeline_dag.py took 0.168 seconds
[2026-06-24T22:33:55.396+0000] {processor.py:161} INFO - Started process (PID=283) to work on /opt/airflow/dags/insurance_pipeline_dag.py
[2026-06-24T22:33:55.398+0000] {processor.py:830} INFO - Processing file /opt/airflow/dags/insurance_pipeline_dag.py for tasks to queue
[2026-06-24T22:33:55.401+0000] {logging_mixin.py:188} INFO - [2026-06-24T22:33:55.401+0000] {dagbag.py:540} INFO - Filling up the DagBag from /opt/airflow/dags/insurance_pipeline_dag.py
[2026-06-24T22:33:55.441+0000] {processor.py:840} INFO - DAG(s) 'insurance_pipeline' retrieved from /opt/airflow/dags/insurance_pipeline_dag.py
[2026-06-24T22:33:55.492+0000] {logging_mixin.py:188} INFO - [2026-06-24T22:33:55.491+0000] {dag.py:3096} INFO - Sync 1 DAGs
[2026-06-24T22:33:55.524+0000] {logging_mixin.py:188} INFO - [2026-06-24T22:33:55.524+0000] {dag.py:3954} INFO - Setting next_dagrun for insurance_pipeline to 2026-06-24 01:00:00+00:00, run_after=2026-06-25 01:00:00+00:00
[2026-06-24T22:33:55.565+0000] {processor.py:183} INFO - Processing /opt/airflow/dags/insurance_pipeline_dag.py took 0.178 seconds
[2026-06-24T22:34:25.695+0000] {processor.py:161} INFO - Started process (PID=288) to work on /opt/airflow/dags/insurance_pipeline_dag.py
[2026-06-24T22:34:25.697+0000] {processor.py:830} INFO - Processing file /opt/airflow/dags/insurance_pipeline_dag.py for tasks to queue
[2026-06-24T22:34:25.701+0000] {logging_mixin.py:188} INFO - [2026-06-24T22:34:25.700+0000] {dagbag.py:540} INFO - Filling up the DagBag from /opt/airflow/dags/insurance_pipeline_dag.py
[2026-06-24T22:34:25.738+0000] {processor.py:840} INFO - DAG(s) 'insurance_pipeline' retrieved from /opt/airflow/dags/insurance_pipeline_dag.py
[2026-06-24T22:34:25.789+0000] {logging_mixin.py:188} INFO - [2026-06-24T22:34:25.789+0000] {dag.py:3096} INFO - Sync 1 DAGs
[2026-06-24T22:34:25.825+0000] {logging_mixin.py:188} INFO - [2026-06-24T22:34:25.825+0000] {dag.py:3954} INFO - Setting next_dagrun for insurance_pipeline to 2026-06-24 01:00:00+00:00, run_after=2026-06-25 01:00:00+00:00
[2026-06-24T22:34:25.860+0000] {processor.py:183} INFO - Processing /opt/airflow/dags/insurance_pipeline_dag.py took 0.176 seconds
[2026-06-24T22:34:56.003+0000] {processor.py:161} INFO - Started process (PID=293) to work on /opt/airflow/dags/insurance_pipeline_dag.py
[2026-06-24T22:34:56.005+0000] {processor.py:830} INFO - Processing file /opt/airflow/dags/insurance_pipeline_dag.py for tasks to queue
[2026-06-24T22:34:56.008+0000] {logging_mixin.py:188} INFO - [2026-06-24T22:34:56.007+0000] {dagbag.py:540} INFO - Filling up the DagBag from /opt/airflow/dags/insurance_pipeline_dag.py
[2026-06-24T22:34:56.045+0000] {processor.py:840} INFO - DAG(s) 'insurance_pipeline' retrieved from /opt/airflow/dags/insurance_pipeline_dag.py
[2026-06-24T22:34:56.098+0000] {logging_mixin.py:188} INFO - [2026-06-24T22:34:56.098+0000] {dag.py:3096} INFO - Sync 1 DAGs
[2026-06-24T22:34:56.131+0000] {logging_mixin.py:188} INFO - [2026-06-24T22:34:56.131+0000] {dag.py:3954} INFO - Setting next_dagrun for insurance_pipeline to 2026-06-24 01:00:00+00:00, run_after=2026-06-25 01:00:00+00:00
[2026-06-24T22:34:56.165+0000] {processor.py:183} INFO - Processing /opt/airflow/dags/insurance_pipeline_dag.py took 0.170 seconds
[2026-06-24T22:35:26.316+0000] {processor.py:161} INFO - Started process (PID=298) to work on /opt/airflow/dags/insurance_pipeline_dag.py
[2026-06-24T22:35:26.318+0000] {processor.py:830} INFO - Processing file /opt/airflow/dags/insurance_pipeline_dag.py for tasks to queue
[2026-06-24T22:35:26.321+0000] {logging_mixin.py:188} INFO - [2026-06-24T22:35:26.321+0000] {dagbag.py:540} INFO - Filling up the DagBag from /opt/airflow/dags/insurance_pipeline_dag.py
[2026-06-24T22:35:26.358+0000] {processor.py:840} INFO - DAG(s) 'insurance_pipeline' retrieved from /opt/airflow/dags/insurance_pipeline_dag.py
[2026-06-24T22:35:26.405+0000] {logging_mixin.py:188} INFO - [2026-06-24T22:35:26.404+0000] {dag.py:3096} INFO - Sync 1 DAGs
[2026-06-24T22:35:26.439+0000] {logging_mixin.py:188} INFO - [2026-06-24T22:35:26.438+0000] {dag.py:3954} INFO - Setting next_dagrun for insurance_pipeline to 2026-06-24 01:00:00+00:00, run_after=2026-06-25 01:00:00+00:00
[2026-06-24T22:35:26.479+0000] {processor.py:183} INFO - Processing /opt/airflow/dags/insurance_pipeline_dag.py took 0.171 seconds
[2026-06-24T22:35:56.644+0000] {processor.py:161} INFO - Started process (PID=303) to work on /opt/airflow/dags/insurance_pipeline_dag.py
[2026-06-24T22:35:56.646+0000] {processor.py:830} INFO - Processing file /opt/airflow/dags/insurance_pipeline_dag.py for tasks to queue
[2026-06-24T22:35:56.651+0000] {logging_mixin.py:188} INFO - [2026-06-24T22:35:56.650+0000] {dagbag.py:540} INFO - Filling up the DagBag from /opt/airflow/dags/insurance_pipeline_dag.py
[2026-06-24T22:35:56.706+0000] {processor.py:840} INFO - DAG(s) 'insurance_pipeline' retrieved from /opt/airflow/dags/insurance_pipeline_dag.py
[2026-06-24T22:35:56.785+0000] {logging_mixin.py:188} INFO - [2026-06-24T22:35:56.784+0000] {dag.py:3096} INFO - Sync 1 DAGs
[2026-06-24T22:35:56.822+0000] {logging_mixin.py:188} INFO - [2026-06-24T22:35:56.822+0000] {dag.py:3954} INFO - Setting next_dagrun for insurance_pipeline to 2026-06-24 01:00:00+00:00, run_after=2026-06-25 01:00:00+00:00
[2026-06-24T22:35:56.858+0000] {processor.py:183} INFO - Processing /opt/airflow/dags/insurance_pipeline_dag.py took 0.225 seconds
[2026-06-24T22:36:27.046+0000] {processor.py:161} INFO - Started process (PID=308) to work on /opt/airflow/dags/insurance_pipeline_dag.py
[2026-06-24T22:36:27.049+0000] {processor.py:830} INFO - Processing file /opt/airflow/dags/insurance_pipeline_dag.py for tasks to queue
[2026-06-24T22:36:27.052+0000] {logging_mixin.py:188} INFO - [2026-06-24T22:36:27.052+0000] {dagbag.py:540} INFO - Filling up the DagBag from /opt/airflow/dags/insurance_pipeline_dag.py
[2026-06-24T22:36:27.089+0000] {processor.py:840} INFO - DAG(s) 'insurance_pipeline' retrieved from /opt/airflow/dags/insurance_pipeline_dag.py
[2026-06-24T22:36:27.141+0000] {logging_mixin.py:188} INFO - [2026-06-24T22:36:27.141+0000] {dag.py:3096} INFO - Sync 1 DAGs
[2026-06-24T22:36:27.181+0000] {logging_mixin.py:188} INFO - [2026-06-24T22:36:27.181+0000] {dag.py:3954} INFO - Setting next_dagrun for insurance_pipeline to 2026-06-24 01:00:00+00:00, run_after=2026-06-25 01:00:00+00:00
[2026-06-24T22:36:27.222+0000] {processor.py:183} INFO - Processing /opt/airflow/dags/insurance_pipeline_dag.py took 0.187 seconds
[2026-06-24T22:36:57.402+0000] {processor.py:161} INFO - Started process (PID=313) to work on /opt/airflow/dags/insurance_pipeline_dag.py
[2026-06-24T22:36:57.404+0000] {processor.py:830} INFO - Processing file /opt/airflow/dags/insurance_pipeline_dag.py for tasks to queue
[2026-06-24T22:36:57.407+0000] {logging_mixin.py:188} INFO - [2026-06-24T22:36:57.406+0000] {dagbag.py:540} INFO - Filling up the DagBag from /opt/airflow/dags/insurance_pipeline_dag.py
[2026-06-24T22:36:57.441+0000] {processor.py:840} INFO - DAG(s) 'insurance_pipeline' retrieved from /opt/airflow/dags/insurance_pipeline_dag.py
[2026-06-24T22:36:57.486+0000] {logging_mixin.py:188} INFO - [2026-06-24T22:36:57.486+0000] {dag.py:3096} INFO - Sync 1 DAGs
[2026-06-24T22:36:57.519+0000] {logging_mixin.py:188} INFO - [2026-06-24T22:36:57.518+0000] {dag.py:3954} INFO - Setting next_dagrun for insurance_pipeline to 2026-06-24 01:00:00+00:00, run_after=2026-06-25 01:00:00+00:00
[2026-06-24T22:36:57.554+0000] {processor.py:183} INFO - Processing /opt/airflow/dags/insurance_pipeline_dag.py took 0.160 seconds
[2026-06-24T22:37:27.654+0000] {processor.py:161} INFO - Started process (PID=318) to work on /opt/airflow/dags/insurance_pipeline_dag.py
[2026-06-24T22:37:27.655+0000] {processor.py:830} INFO - Processing file /opt/airflow/dags/insurance_pipeline_dag.py for tasks to queue
[2026-06-24T22:37:27.659+0000] {logging_mixin.py:188} INFO - [2026-06-24T22:37:27.658+0000] {dagbag.py:540} INFO - Filling up the DagBag from /opt/airflow/dags/insurance_pipeline_dag.py
[2026-06-24T22:37:27.691+0000] {processor.py:840} INFO - DAG(s) 'insurance_pipeline' retrieved from /opt/airflow/dags/insurance_pipeline_dag.py
[2026-06-24T22:37:27.743+0000] {logging_mixin.py:188} INFO - [2026-06-24T22:37:27.742+0000] {dag.py:3096} INFO - Sync 1 DAGs
[2026-06-24T22:37:27.778+0000] {logging_mixin.py:188} INFO - [2026-06-24T22:37:27.778+0000] {dag.py:3954} INFO - Setting next_dagrun for insurance_pipeline to 2026-06-24 01:00:00+00:00, run_after=2026-06-25 01:00:00+00:00
[2026-06-24T22:37:27.821+0000] {processor.py:183} INFO - Processing /opt/airflow/dags/insurance_pipeline_dag.py took 0.175 seconds
[2026-06-24T22:37:57.953+0000] {processor.py:161} INFO - Started process (PID=323) to work on /opt/airflow/dags/insurance_pipeline_dag.py
[2026-06-24T22:37:57.954+0000] {processor.py:830} INFO - Processing file /opt/airflow/dags/insurance_pipeline_dag.py for tasks to queue
[2026-06-24T22:37:57.957+0000] {logging_mixin.py:188} INFO - [2026-06-24T22:37:57.957+0000] {dagbag.py:540} INFO - Filling up the DagBag from /opt/airflow/dags/insurance_pipeline_dag.py
[2026-06-24T22:37:57.994+0000] {processor.py:840} INFO - DAG(s) 'insurance_pipeline' retrieved from /opt/airflow/dags/insurance_pipeline_dag.py
[2026-06-24T22:37:58.040+0000] {logging_mixin.py:188} INFO - [2026-06-24T22:37:58.040+0000] {dag.py:3096} INFO - Sync 1 DAGs
[2026-06-24T22:37:58.073+0000] {logging_mixin.py:188} INFO - [2026-06-24T22:37:58.072+0000] {dag.py:3954} INFO - Setting next_dagrun for insurance_pipeline to 2026-06-24 01:00:00+00:00, run_after=2026-06-25 01:00:00+00:00
[2026-06-24T22:37:58.105+0000] {processor.py:183} INFO - Processing /opt/airflow/dags/insurance_pipeline_dag.py took 0.160 seconds
[2026-06-24T22:38:28.263+0000] {processor.py:161} INFO - Started process (PID=328) to work on /opt/airflow/dags/insurance_pipeline_dag.py
[2026-06-24T22:38:28.265+0000] {processor.py:830} INFO - Processing file /opt/airflow/dags/insurance_pipeline_dag.py for tasks to queue
[2026-06-24T22:38:28.268+0000] {logging_mixin.py:188} INFO - [2026-06-24T22:38:28.267+0000] {dagbag.py:540} INFO - Filling up the DagBag from /opt/airflow/dags/insurance_pipeline_dag.py
[2026-06-24T22:38:28.305+0000] {processor.py:840} INFO - DAG(s) 'insurance_pipeline' retrieved from /opt/airflow/dags/insurance_pipeline_dag.py
[2026-06-24T22:38:28.359+0000] {logging_mixin.py:188} INFO - [2026-06-24T22:38:28.359+0000] {dag.py:3096} INFO - Sync 1 DAGs
[2026-06-24T22:38:28.393+0000] {logging_mixin.py:188} INFO - [2026-06-24T22:38:28.393+0000] {dag.py:3954} INFO - Setting next_dagrun for insurance_pipeline to 2026-06-24 01:00:00+00:00, run_after=2026-06-25 01:00:00+00:00
[2026-06-24T22:38:28.427+0000] {processor.py:183} INFO - Processing /opt/airflow/dags/insurance_pipeline_dag.py took 0.173 seconds
[2026-06-24T22:38:58.556+0000] {processor.py:161} INFO - Started process (PID=333) to work on /opt/airflow/dags/insurance_pipeline_dag.py
[2026-06-24T22:38:58.558+0000] {processor.py:830} INFO - Processing file /opt/airflow/dags/insurance_pipeline_dag.py for tasks to queue
[2026-06-24T22:38:58.562+0000] {logging_mixin.py:188} INFO - [2026-06-24T22:38:58.561+0000] {dagbag.py:540} INFO - Filling up the DagBag from /opt/airflow/dags/insurance_pipeline_dag.py
[2026-06-24T22:38:58.599+0000] {processor.py:840} INFO - DAG(s) 'insurance_pipeline' retrieved from /opt/airflow/dags/insurance_pipeline_dag.py
[2026-06-24T22:38:58.649+0000] {logging_mixin.py:188} INFO - [2026-06-24T22:38:58.649+0000] {dag.py:3096} INFO - Sync 1 DAGs
[2026-06-24T22:38:58.681+0000] {logging_mixin.py:188} INFO - [2026-06-24T22:38:58.681+0000] {dag.py:3954} INFO - Setting next_dagrun for insurance_pipeline to 2026-06-24 01:00:00+00:00, run_after=2026-06-25 01:00:00+00:00
[2026-06-24T22:38:58.715+0000] {processor.py:183} INFO - Processing /opt/airflow/dags/insurance_pipeline_dag.py took 0.166 seconds
[2026-06-24T22:39:23.628+0000] {processor.py:161} INFO - Started process (PID=338) to work on /opt/airflow/dags/insurance_pipeline_dag.py
[2026-06-24T22:39:23.630+0000] {processor.py:830} INFO - Processing file /opt/airflow/dags/insurance_pipeline_dag.py for tasks to queue
[2026-06-24T22:39:23.633+0000] {logging_mixin.py:188} INFO - [2026-06-24T22:39:23.633+0000] {dagbag.py:540} INFO - Filling up the DagBag from /opt/airflow/dags/insurance_pipeline_dag.py
[2026-06-24T22:39:23.699+0000] {processor.py:840} INFO - DAG(s) 'insurance_pipeline' retrieved from /opt/airflow/dags/insurance_pipeline_dag.py
[2026-06-24T22:39:23.769+0000] {logging_mixin.py:188} INFO - [2026-06-24T22:39:23.769+0000] {dag.py:3096} INFO - Sync 1 DAGs
[2026-06-24T22:39:23.807+0000] {logging_mixin.py:188} INFO - [2026-06-24T22:39:23.807+0000] {dag.py:3954} INFO - Setting next_dagrun for insurance_pipeline to 2026-06-24 01:00:00+00:00, run_after=2026-06-25 01:00:00+00:00
[2026-06-24T22:39:23.847+0000] {processor.py:183} INFO - Processing /opt/airflow/dags/insurance_pipeline_dag.py took 0.226 seconds
[2026-06-24T22:39:53.962+0000] {processor.py:161} INFO - Started process (PID=343) to work on /opt/airflow/dags/insurance_pipeline_dag.py
[2026-06-24T22:39:53.964+0000] {processor.py:830} INFO - Processing file /opt/airflow/dags/insurance_pipeline_dag.py for tasks to queue
[2026-06-24T22:39:53.968+0000] {logging_mixin.py:188} INFO - [2026-06-24T22:39:53.967+0000] {dagbag.py:540} INFO - Filling up the DagBag from /opt/airflow/dags/insurance_pipeline_dag.py
[2026-06-24T22:39:54.007+0000] {processor.py:840} INFO - DAG(s) 'insurance_pipeline' retrieved from /opt/airflow/dags/insurance_pipeline_dag.py
[2026-06-24T22:39:54.061+0000] {logging_mixin.py:188} INFO - [2026-06-24T22:39:54.061+0000] {dag.py:3096} INFO - Sync 1 DAGs
[2026-06-24T22:39:54.099+0000] {logging_mixin.py:188} INFO - [2026-06-24T22:39:54.099+0000] {dag.py:3954} INFO - Setting next_dagrun for insurance_pipeline to 2026-06-24 01:00:00+00:00, run_after=2026-06-25 01:00:00+00:00
[2026-06-24T22:39:54.129+0000] {processor.py:183} INFO - Processing /opt/airflow/dags/insurance_pipeline_dag.py took 0.175 seconds
[2026-06-24T22:40:24.275+0000] {processor.py:161} INFO - Started process (PID=363) to work on /opt/airflow/dags/insurance_pipeline_dag.py
[2026-06-24T22:40:24.277+0000] {processor.py:830} INFO - Processing file /opt/airflow/dags/insurance_pipeline_dag.py for tasks to queue
[2026-06-24T22:40:24.281+0000] {logging_mixin.py:188} INFO - [2026-06-24T22:40:24.280+0000] {dagbag.py:540} INFO - Filling up the DagBag from /opt/airflow/dags/insurance_pipeline_dag.py
[2026-06-24T22:40:24.314+0000] {processor.py:840} INFO - DAG(s) 'insurance_pipeline' retrieved from /opt/airflow/dags/insurance_pipeline_dag.py
[2026-06-24T22:40:24.357+0000] {logging_mixin.py:188} INFO - [2026-06-24T22:40:24.356+0000] {dag.py:3096} INFO - Sync 1 DAGs
[2026-06-24T22:40:24.414+0000] {processor.py:183} INFO - Processing /opt/airflow/dags/insurance_pipeline_dag.py took 0.147 seconds
[2026-06-24T22:40:54.567+0000] {processor.py:161} INFO - Started process (PID=368) to work on /opt/airflow/dags/insurance_pipeline_dag.py
[2026-06-24T22:40:54.569+0000] {processor.py:830} INFO - Processing file /opt/airflow/dags/insurance_pipeline_dag.py for tasks to queue
[2026-06-24T22:40:54.573+0000] {logging_mixin.py:188} INFO - [2026-06-24T22:40:54.572+0000] {dagbag.py:540} INFO - Filling up the DagBag from /opt/airflow/dags/insurance_pipeline_dag.py
[2026-06-24T22:40:54.615+0000] {processor.py:840} INFO - DAG(s) 'insurance_pipeline' retrieved from /opt/airflow/dags/insurance_pipeline_dag.py
[2026-06-24T22:40:54.665+0000] {logging_mixin.py:188} INFO - [2026-06-24T22:40:54.665+0000] {dag.py:3096} INFO - Sync 1 DAGs
[2026-06-24T22:40:54.733+0000] {processor.py:183} INFO - Processing /opt/airflow/dags/insurance_pipeline_dag.py took 0.176 seconds
[2026-06-24T22:41:24.868+0000] {processor.py:161} INFO - Started process (PID=373) to work on /opt/airflow/dags/insurance_pipeline_dag.py
[2026-06-24T22:41:24.870+0000] {processor.py:830} INFO - Processing file /opt/airflow/dags/insurance_pipeline_dag.py for tasks to queue
[2026-06-24T22:41:24.874+0000] {logging_mixin.py:188} INFO - [2026-06-24T22:41:24.873+0000] {dagbag.py:540} INFO - Filling up the DagBag from /opt/airflow/dags/insurance_pipeline_dag.py
[2026-06-24T22:41:24.915+0000] {processor.py:840} INFO - DAG(s) 'insurance_pipeline' retrieved from /opt/airflow/dags/insurance_pipeline_dag.py
[2026-06-24T22:41:24.966+0000] {logging_mixin.py:188} INFO - [2026-06-24T22:41:24.965+0000] {dag.py:3096} INFO - Sync 1 DAGs
[2026-06-24T22:41:25.035+0000] {processor.py:183} INFO - Processing /opt/airflow/dags/insurance_pipeline_dag.py took 0.178 seconds
[2026-06-24T22:41:55.165+0000] {processor.py:161} INFO - Started process (PID=378) to work on /opt/airflow/dags/insurance_pipeline_dag.py
[2026-06-24T22:41:55.167+0000] {processor.py:830} INFO - Processing file /opt/airflow/dags/insurance_pipeline_dag.py for tasks to queue
[2026-06-24T22:41:55.171+0000] {logging_mixin.py:188} INFO - [2026-06-24T22:41:55.171+0000] {dagbag.py:540} INFO - Filling up the DagBag from /opt/airflow/dags/insurance_pipeline_dag.py
[2026-06-24T22:41:55.206+0000] {processor.py:840} INFO - DAG(s) 'insurance_pipeline' retrieved from /opt/airflow/dags/insurance_pipeline_dag.py
[2026-06-24T22:41:55.255+0000] {logging_mixin.py:188} INFO - [2026-06-24T22:41:55.255+0000] {dag.py:3096} INFO - Sync 1 DAGs
[2026-06-24T22:41:55.319+0000] {processor.py:183} INFO - Processing /opt/airflow/dags/insurance_pipeline_dag.py took 0.164 seconds
[2026-06-24T22:42:25.456+0000] {processor.py:161} INFO - Started process (PID=383) to work on /opt/airflow/dags/insurance_pipeline_dag.py
[2026-06-24T22:42:25.458+0000] {processor.py:830} INFO - Processing file /opt/airflow/dags/insurance_pipeline_dag.py for tasks to queue
[2026-06-24T22:42:25.461+0000] {logging_mixin.py:188} INFO - [2026-06-24T22:42:25.461+0000] {dagbag.py:540} INFO - Filling up the DagBag from /opt/airflow/dags/insurance_pipeline_dag.py
[2026-06-24T22:42:25.497+0000] {processor.py:840} INFO - DAG(s) 'insurance_pipeline' retrieved from /opt/airflow/dags/insurance_pipeline_dag.py
[2026-06-24T22:42:25.547+0000] {logging_mixin.py:188} INFO - [2026-06-24T22:42:25.547+0000] {dag.py:3096} INFO - Sync 1 DAGs
[2026-06-24T22:42:25.606+0000] {processor.py:183} INFO - Processing /opt/airflow/dags/insurance_pipeline_dag.py took 0.160 seconds
[2026-06-24T22:42:55.693+0000] {processor.py:161} INFO - Started process (PID=388) to work on /opt/airflow/dags/insurance_pipeline_dag.py
[2026-06-24T22:42:55.695+0000] {processor.py:830} INFO - Processing file /opt/airflow/dags/insurance_pipeline_dag.py for tasks to queue
[2026-06-24T22:42:55.698+0000] {logging_mixin.py:188} INFO - [2026-06-24T22:42:55.697+0000] {dagbag.py:540} INFO - Filling up the DagBag from /opt/airflow/dags/insurance_pipeline_dag.py
[2026-06-24T22:42:55.736+0000] {processor.py:840} INFO - DAG(s) 'insurance_pipeline' retrieved from /opt/airflow/dags/insurance_pipeline_dag.py
[2026-06-24T22:42:55.787+0000] {logging_mixin.py:188} INFO - [2026-06-24T22:42:55.787+0000] {dag.py:3096} INFO - Sync 1 DAGs
[2026-06-24T22:42:55.847+0000] {processor.py:183} INFO - Processing /opt/airflow/dags/insurance_pipeline_dag.py took 0.162 seconds
[2026-06-24T22:43:25.982+0000] {processor.py:161} INFO - Started process (PID=393) to work on /opt/airflow/dags/insurance_pipeline_dag.py
[2026-06-24T22:43:25.984+0000] {processor.py:830} INFO - Processing file /opt/airflow/dags/insurance_pipeline_dag.py for tasks to queue
[2026-06-24T22:43:25.988+0000] {logging_mixin.py:188} INFO - [2026-06-24T22:43:25.987+0000] {dagbag.py:540} INFO - Filling up the DagBag from /opt/airflow/dags/insurance_pipeline_dag.py
[2026-06-24T22:43:26.027+0000] {processor.py:840} INFO - DAG(s) 'insurance_pipeline' retrieved from /opt/airflow/dags/insurance_pipeline_dag.py
[2026-06-24T22:43:26.078+0000] {logging_mixin.py:188} INFO - [2026-06-24T22:43:26.077+0000] {dag.py:3096} INFO - Sync 1 DAGs
[2026-06-24T22:43:26.139+0000] {processor.py:183} INFO - Processing /opt/airflow/dags/insurance_pipeline_dag.py took 0.165 seconds
[2026-06-24T22:43:56.279+0000] {processor.py:161} INFO - Started process (PID=404) to work on /opt/airflow/dags/insurance_pipeline_dag.py
[2026-06-24T22:43:56.280+0000] {processor.py:830} INFO - Processing file /opt/airflow/dags/insurance_pipeline_dag.py for tasks to queue
[2026-06-24T22:43:56.283+0000] {logging_mixin.py:188} INFO - [2026-06-24T22:43:56.282+0000] {dagbag.py:540} INFO - Filling up the DagBag from /opt/airflow/dags/insurance_pipeline_dag.py
[2026-06-24T22:43:56.322+0000] {processor.py:840} INFO - DAG(s) 'insurance_pipeline' retrieved from /opt/airflow/dags/insurance_pipeline_dag.py
[2026-06-24T22:43:56.381+0000] {logging_mixin.py:188} INFO - [2026-06-24T22:43:56.381+0000] {dag.py:3096} INFO - Sync 1 DAGs
[2026-06-24T22:43:56.454+0000] {processor.py:183} INFO - Processing /opt/airflow/dags/insurance_pipeline_dag.py took 0.184 seconds
[2026-06-24T22:44:26.584+0000] {processor.py:161} INFO - Started process (PID=415) to work on /opt/airflow/dags/insurance_pipeline_dag.py
[2026-06-24T22:44:26.586+0000] {processor.py:830} INFO - Processing file /opt/airflow/dags/insurance_pipeline_dag.py for tasks to queue
[2026-06-24T22:44:26.589+0000] {logging_mixin.py:188} INFO - [2026-06-24T22:44:26.588+0000] {dagbag.py:540} INFO - Filling up the DagBag from /opt/airflow/dags/insurance_pipeline_dag.py
[2026-06-24T22:44:26.621+0000] {processor.py:840} INFO - DAG(s) 'insurance_pipeline' retrieved from /opt/airflow/dags/insurance_pipeline_dag.py
[2026-06-24T22:44:26.669+0000] {logging_mixin.py:188} INFO - [2026-06-24T22:44:26.669+0000] {dag.py:3096} INFO - Sync 1 DAGs
[2026-06-24T22:44:26.732+0000] {processor.py:183} INFO - Processing /opt/airflow/dags/insurance_pipeline_dag.py took 0.157 seconds
[2026-06-24T22:45:29.698+0000] {processor.py:161} INFO - Started process (PID=173) to work on /opt/airflow/dags/insurance_pipeline_dag.py
[2026-06-24T22:45:29.703+0000] {processor.py:830} INFO - Processing file /opt/airflow/dags/insurance_pipeline_dag.py for tasks to queue
[2026-06-24T22:45:29.708+0000] {logging_mixin.py:188} INFO - [2026-06-24T22:45:29.708+0000] {dagbag.py:540} INFO - Filling up the DagBag from /opt/airflow/dags/insurance_pipeline_dag.py
[2026-06-24T22:45:29.768+0000] {processor.py:840} INFO - DAG(s) 'insurance_pipeline' retrieved from /opt/airflow/dags/insurance_pipeline_dag.py
[2026-06-24T22:45:29.834+0000] {logging_mixin.py:188} INFO - [2026-06-24T22:45:29.834+0000] {dag.py:3096} INFO - Sync 1 DAGs
[2026-06-24T22:45:29.925+0000] {processor.py:183} INFO - Processing /opt/airflow/dags/insurance_pipeline_dag.py took 0.249 seconds
[2026-06-24T22:46:00.085+0000] {processor.py:161} INFO - Started process (PID=284) to work on /opt/airflow/dags/insurance_pipeline_dag.py
[2026-06-24T22:46:00.087+0000] {processor.py:830} INFO - Processing file /opt/airflow/dags/insurance_pipeline_dag.py for tasks to queue
[2026-06-24T22:46:00.092+0000] {logging_mixin.py:188} INFO - [2026-06-24T22:46:00.092+0000] {dagbag.py:540} INFO - Filling up the DagBag from /opt/airflow/dags/insurance_pipeline_dag.py
[2026-06-24T22:46:00.130+0000] {processor.py:840} INFO - DAG(s) 'insurance_pipeline' retrieved from /opt/airflow/dags/insurance_pipeline_dag.py
[2026-06-24T22:46:00.469+0000] {logging_mixin.py:188} INFO - [2026-06-24T22:46:00.469+0000] {dag.py:3096} INFO - Sync 1 DAGs
[2026-06-24T22:46:00.534+0000] {processor.py:183} INFO - Processing /opt/airflow/dags/insurance_pipeline_dag.py took 0.459 seconds
[2026-06-24T22:46:30.658+0000] {processor.py:161} INFO - Started process (PID=295) to work on /opt/airflow/dags/insurance_pipeline_dag.py
[2026-06-24T22:46:30.660+0000] {processor.py:830} INFO - Processing file /opt/airflow/dags/insurance_pipeline_dag.py for tasks to queue
[2026-06-24T22:46:30.664+0000] {logging_mixin.py:188} INFO - [2026-06-24T22:46:30.663+0000] {dagbag.py:540} INFO - Filling up the DagBag from /opt/airflow/dags/insurance_pipeline_dag.py
[2026-06-24T22:46:30.699+0000] {processor.py:840} INFO - DAG(s) 'insurance_pipeline' retrieved from /opt/airflow/dags/insurance_pipeline_dag.py
[2026-06-24T22:46:30.745+0000] {logging_mixin.py:188} INFO - [2026-06-24T22:46:30.744+0000] {dag.py:3096} INFO - Sync 1 DAGs
[2026-06-24T22:46:30.803+0000] {processor.py:183} INFO - Processing /opt/airflow/dags/insurance_pipeline_dag.py took 0.155 seconds
[2026-06-24T22:47:00.916+0000] {processor.py:161} INFO - Started process (PID=311) to work on /opt/airflow/dags/insurance_pipeline_dag.py
[2026-06-24T22:47:00.918+0000] {processor.py:830} INFO - Processing file /opt/airflow/dags/insurance_pipeline_dag.py for tasks to queue
[2026-06-24T22:47:00.921+0000] {logging_mixin.py:188} INFO - [2026-06-24T22:47:00.920+0000] {dagbag.py:540} INFO - Filling up the DagBag from /opt/airflow/dags/insurance_pipeline_dag.py
[2026-06-24T22:47:00.952+0000] {processor.py:840} INFO - DAG(s) 'insurance_pipeline' retrieved from /opt/airflow/dags/insurance_pipeline_dag.py
[2026-06-24T22:47:01.009+0000] {logging_mixin.py:188} INFO - [2026-06-24T22:47:01.008+0000] {dag.py:3096} INFO - Sync 1 DAGs
[2026-06-24T22:47:01.130+0000] {processor.py:183} INFO - Processing /opt/airflow/dags/insurance_pipeline_dag.py took 0.221 seconds
[2026-06-24T22:47:31.285+0000] {processor.py:161} INFO - Started process (PID=316) to work on /opt/airflow/dags/insurance_pipeline_dag.py
[2026-06-24T22:47:31.286+0000] {processor.py:830} INFO - Processing file /opt/airflow/dags/insurance_pipeline_dag.py for tasks to queue
[2026-06-24T22:47:31.290+0000] {logging_mixin.py:188} INFO - [2026-06-24T22:47:31.289+0000] {dagbag.py:540} INFO - Filling up the DagBag from /opt/airflow/dags/insurance_pipeline_dag.py
[2026-06-24T22:47:31.327+0000] {processor.py:840} INFO - DAG(s) 'insurance_pipeline' retrieved from /opt/airflow/dags/insurance_pipeline_dag.py
[2026-06-24T22:47:31.380+0000] {logging_mixin.py:188} INFO - [2026-06-24T22:47:31.380+0000] {dag.py:3096} INFO - Sync 1 DAGs
[2026-06-24T22:47:31.453+0000] {processor.py:183} INFO - Processing /opt/airflow/dags/insurance_pipeline_dag.py took 0.177 seconds
[2026-06-24T22:48:01.602+0000] {processor.py:161} INFO - Started process (PID=321) to work on /opt/airflow/dags/insurance_pipeline_dag.py
[2026-06-24T22:48:01.605+0000] {processor.py:830} INFO - Processing file /opt/airflow/dags/insurance_pipeline_dag.py for tasks to queue
[2026-06-24T22:48:01.609+0000] {logging_mixin.py:188} INFO - [2026-06-24T22:48:01.608+0000] {dagbag.py:540} INFO - Filling up the DagBag from /opt/airflow/dags/insurance_pipeline_dag.py
[2026-06-24T22:48:01.653+0000] {processor.py:840} INFO - DAG(s) 'insurance_pipeline' retrieved from /opt/airflow/dags/insurance_pipeline_dag.py
[2026-06-24T22:48:01.701+0000] {logging_mixin.py:188} INFO - [2026-06-24T22:48:01.701+0000] {dag.py:3096} INFO - Sync 1 DAGs
[2026-06-24T22:48:01.762+0000] {processor.py:183} INFO - Processing /opt/airflow/dags/insurance_pipeline_dag.py took 0.168 seconds
[2026-06-24T22:48:31.881+0000] {processor.py:161} INFO - Started process (PID=326) to work on /opt/airflow/dags/insurance_pipeline_dag.py
[2026-06-24T22:48:31.883+0000] {processor.py:830} INFO - Processing file /opt/airflow/dags/insurance_pipeline_dag.py for tasks to queue
[2026-06-24T22:48:31.887+0000] {logging_mixin.py:188} INFO - [2026-06-24T22:48:31.886+0000] {dagbag.py:540} INFO - Filling up the DagBag from /opt/airflow/dags/insurance_pipeline_dag.py
[2026-06-24T22:48:31.919+0000] {processor.py:840} INFO - DAG(s) 'insurance_pipeline' retrieved from /opt/airflow/dags/insurance_pipeline_dag.py
[2026-06-24T22:48:31.964+0000] {logging_mixin.py:188} INFO - [2026-06-24T22:48:31.963+0000] {dag.py:3096} INFO - Sync 1 DAGs
[2026-06-24T22:48:32.036+0000] {processor.py:183} INFO - Processing /opt/airflow/dags/insurance_pipeline_dag.py took 0.164 seconds
[2026-06-24T22:49:02.158+0000] {processor.py:161} INFO - Started process (PID=337) to work on /opt/airflow/dags/insurance_pipeline_dag.py
[2026-06-24T22:49:02.160+0000] {processor.py:830} INFO - Processing file /opt/airflow/dags/insurance_pipeline_dag.py for tasks to queue
[2026-06-24T22:49:02.164+0000] {logging_mixin.py:188} INFO - [2026-06-24T22:49:02.164+0000] {dagbag.py:540} INFO - Filling up the DagBag from /opt/airflow/dags/insurance_pipeline_dag.py
[2026-06-24T22:49:02.210+0000] {processor.py:840} INFO - DAG(s) 'insurance_pipeline' retrieved from /opt/airflow/dags/insurance_pipeline_dag.py
[2026-06-24T22:49:02.277+0000] {logging_mixin.py:188} INFO - [2026-06-24T22:49:02.277+0000] {dag.py:3096} INFO - Sync 1 DAGs
[2026-06-24T22:49:02.353+0000] {processor.py:183} INFO - Processing /opt/airflow/dags/insurance_pipeline_dag.py took 0.207 seconds
[2026-06-24T22:49:32.540+0000] {processor.py:161} INFO - Started process (PID=354) to work on /opt/airflow/dags/insurance_pipeline_dag.py
[2026-06-24T22:49:32.543+0000] {processor.py:830} INFO - Processing file /opt/airflow/dags/insurance_pipeline_dag.py for tasks to queue
[2026-06-24T22:49:32.548+0000] {logging_mixin.py:188} INFO - [2026-06-24T22:49:32.547+0000] {dagbag.py:540} INFO - Filling up the DagBag from /opt/airflow/dags/insurance_pipeline_dag.py
[2026-06-24T22:49:32.617+0000] {processor.py:840} INFO - DAG(s) 'insurance_pipeline' retrieved from /opt/airflow/dags/insurance_pipeline_dag.py
[2026-06-24T22:49:32.702+0000] {logging_mixin.py:188} INFO - [2026-06-24T22:49:32.701+0000] {dag.py:3096} INFO - Sync 1 DAGs
[2026-06-24T22:49:32.781+0000] {processor.py:183} INFO - Processing /opt/airflow/dags/insurance_pipeline_dag.py took 0.254 seconds
[2026-06-24T22:50:02.925+0000] {processor.py:161} INFO - Started process (PID=359) to work on /opt/airflow/dags/insurance_pipeline_dag.py
[2026-06-24T22:50:02.928+0000] {processor.py:830} INFO - Processing file /opt/airflow/dags/insurance_pipeline_dag.py for tasks to queue
[2026-06-24T22:50:02.931+0000] {logging_mixin.py:188} INFO - [2026-06-24T22:50:02.931+0000] {dagbag.py:540} INFO - Filling up the DagBag from /opt/airflow/dags/insurance_pipeline_dag.py
[2026-06-24T22:50:02.972+0000] {processor.py:840} INFO - DAG(s) 'insurance_pipeline' retrieved from /opt/airflow/dags/insurance_pipeline_dag.py
[2026-06-24T22:50:03.027+0000] {logging_mixin.py:188} INFO - [2026-06-24T22:50:03.027+0000] {dag.py:3096} INFO - Sync 1 DAGs
[2026-06-24T22:50:03.097+0000] {processor.py:183} INFO - Processing /opt/airflow/dags/insurance_pipeline_dag.py took 0.181 seconds
[2026-06-24T22:50:33.226+0000] {processor.py:161} INFO - Started process (PID=364) to work on /opt/airflow/dags/insurance_pipeline_dag.py
[2026-06-24T22:50:33.228+0000] {processor.py:830} INFO - Processing file /opt/airflow/dags/insurance_pipeline_dag.py for tasks to queue
[2026-06-24T22:50:33.232+0000] {logging_mixin.py:188} INFO - [2026-06-24T22:50:33.231+0000] {dagbag.py:540} INFO - Filling up the DagBag from /opt/airflow/dags/insurance_pipeline_dag.py
[2026-06-24T22:50:33.299+0000] {processor.py:840} INFO - DAG(s) 'insurance_pipeline' retrieved from /opt/airflow/dags/insurance_pipeline_dag.py
[2026-06-24T22:50:33.366+0000] {logging_mixin.py:188} INFO - [2026-06-24T22:50:33.366+0000] {dag.py:3096} INFO - Sync 1 DAGs
[2026-06-24T22:50:33.436+0000] {processor.py:183} INFO - Processing /opt/airflow/dags/insurance_pipeline_dag.py took 0.221 seconds
[2026-06-24T22:51:03.589+0000] {processor.py:161} INFO - Started process (PID=401) to work on /opt/airflow/dags/insurance_pipeline_dag.py
[2026-06-24T22:51:03.591+0000] {processor.py:830} INFO - Processing file /opt/airflow/dags/insurance_pipeline_dag.py for tasks to queue
[2026-06-24T22:51:03.596+0000] {logging_mixin.py:188} INFO - [2026-06-24T22:51:03.595+0000] {dagbag.py:540} INFO - Filling up the DagBag from /opt/airflow/dags/insurance_pipeline_dag.py
[2026-06-24T22:51:03.635+0000] {processor.py:840} INFO - DAG(s) 'insurance_pipeline' retrieved from /opt/airflow/dags/insurance_pipeline_dag.py
[2026-06-24T22:51:03.688+0000] {logging_mixin.py:188} INFO - [2026-06-24T22:51:03.688+0000] {dag.py:3096} INFO - Sync 1 DAGs
[2026-06-24T22:51:03.765+0000] {processor.py:183} INFO - Processing /opt/airflow/dags/insurance_pipeline_dag.py took 0.186 seconds
[2026-06-24T22:51:33.936+0000] {processor.py:161} INFO - Started process (PID=496) to work on /opt/airflow/dags/insurance_pipeline_dag.py
[2026-06-24T22:51:33.938+0000] {processor.py:830} INFO - Processing file /opt/airflow/dags/insurance_pipeline_dag.py for tasks to queue
[2026-06-24T22:51:33.943+0000] {logging_mixin.py:188} INFO - [2026-06-24T22:51:33.942+0000] {dagbag.py:540} INFO - Filling up the DagBag from /opt/airflow/dags/insurance_pipeline_dag.py
[2026-06-24T22:51:33.985+0000] {processor.py:840} INFO - DAG(s) 'insurance_pipeline' retrieved from /opt/airflow/dags/insurance_pipeline_dag.py
[2026-06-24T22:51:34.034+0000] {logging_mixin.py:188} INFO - [2026-06-24T22:51:34.033+0000] {dag.py:3096} INFO - Sync 1 DAGs
[2026-06-24T22:51:34.103+0000] {processor.py:183} INFO - Processing /opt/airflow/dags/insurance_pipeline_dag.py took 0.179 seconds
[2026-06-24T22:52:04.211+0000] {processor.py:161} INFO - Started process (PID=516) to work on /opt/airflow/dags/insurance_pipeline_dag.py
[2026-06-24T22:52:04.212+0000] {processor.py:830} INFO - Processing file /opt/airflow/dags/insurance_pipeline_dag.py for tasks to queue
[2026-06-24T22:52:04.216+0000] {logging_mixin.py:188} INFO - [2026-06-24T22:52:04.215+0000] {dagbag.py:540} INFO - Filling up the DagBag from /opt/airflow/dags/insurance_pipeline_dag.py
[2026-06-24T22:52:04.250+0000] {processor.py:840} INFO - DAG(s) 'insurance_pipeline' retrieved from /opt/airflow/dags/insurance_pipeline_dag.py
[2026-06-24T22:52:04.295+0000] {logging_mixin.py:188} INFO - [2026-06-24T22:52:04.295+0000] {dag.py:3096} INFO - Sync 1 DAGs
[2026-06-24T22:52:04.357+0000] {processor.py:183} INFO - Processing /opt/airflow/dags/insurance_pipeline_dag.py took 0.156 seconds
[2026-06-24T22:52:34.471+0000] {processor.py:161} INFO - Started process (PID=521) to work on /opt/airflow/dags/insurance_pipeline_dag.py
[2026-06-24T22:52:34.473+0000] {processor.py:830} INFO - Processing file /opt/airflow/dags/insurance_pipeline_dag.py for tasks to queue
[2026-06-24T22:52:34.476+0000] {logging_mixin.py:188} INFO - [2026-06-24T22:52:34.475+0000] {dagbag.py:540} INFO - Filling up the DagBag from /opt/airflow/dags/insurance_pipeline_dag.py
[2026-06-24T22:52:34.506+0000] {processor.py:840} INFO - DAG(s) 'insurance_pipeline' retrieved from /opt/airflow/dags/insurance_pipeline_dag.py
[2026-06-24T22:52:34.551+0000] {logging_mixin.py:188} INFO - [2026-06-24T22:52:34.551+0000] {dag.py:3096} INFO - Sync 1 DAGs
[2026-06-24T22:52:34.609+0000] {processor.py:183} INFO - Processing /opt/airflow/dags/insurance_pipeline_dag.py took 0.146 seconds
[2026-06-24T22:53:04.752+0000] {processor.py:161} INFO - Started process (PID=526) to work on /opt/airflow/dags/insurance_pipeline_dag.py
[2026-06-24T22:53:04.754+0000] {processor.py:830} INFO - Processing file /opt/airflow/dags/insurance_pipeline_dag.py for tasks to queue
[2026-06-24T22:53:04.757+0000] {logging_mixin.py:188} INFO - [2026-06-24T22:53:04.756+0000] {dagbag.py:540} INFO - Filling up the DagBag from /opt/airflow/dags/insurance_pipeline_dag.py
[2026-06-24T22:53:04.793+0000] {processor.py:840} INFO - DAG(s) 'insurance_pipeline' retrieved from /opt/airflow/dags/insurance_pipeline_dag.py
[2026-06-24T22:53:04.846+0000] {logging_mixin.py:188} INFO - [2026-06-24T22:53:04.846+0000] {dag.py:3096} INFO - Sync 1 DAGs
[2026-06-24T22:53:04.910+0000] {processor.py:183} INFO - Processing /opt/airflow/dags/insurance_pipeline_dag.py took 0.166 seconds
[2026-06-24T22:53:35.071+0000] {processor.py:161} INFO - Started process (PID=538) to work on /opt/airflow/dags/insurance_pipeline_dag.py
[2026-06-24T22:53:35.072+0000] {processor.py:830} INFO - Processing file /opt/airflow/dags/insurance_pipeline_dag.py for tasks to queue
[2026-06-24T22:53:35.075+0000] {logging_mixin.py:188} INFO - [2026-06-24T22:53:35.075+0000] {dagbag.py:540} INFO - Filling up the DagBag from /opt/airflow/dags/insurance_pipeline_dag.py
[2026-06-24T22:53:35.114+0000] {processor.py:840} INFO - DAG(s) 'insurance_pipeline' retrieved from /opt/airflow/dags/insurance_pipeline_dag.py
[2026-06-24T22:53:35.161+0000] {logging_mixin.py:188} INFO - [2026-06-24T22:53:35.161+0000] {dag.py:3096} INFO - Sync 1 DAGs
[2026-06-24T22:53:35.239+0000] {processor.py:183} INFO - Processing /opt/airflow/dags/insurance_pipeline_dag.py took 0.177 seconds
[2026-06-24T22:54:05.377+0000] {processor.py:161} INFO - Started process (PID=543) to work on /opt/airflow/dags/insurance_pipeline_dag.py
[2026-06-24T22:54:05.379+0000] {processor.py:830} INFO - Processing file /opt/airflow/dags/insurance_pipeline_dag.py for tasks to queue
[2026-06-24T22:54:05.382+0000] {logging_mixin.py:188} INFO - [2026-06-24T22:54:05.382+0000] {dagbag.py:540} INFO - Filling up the DagBag from /opt/airflow/dags/insurance_pipeline_dag.py
[2026-06-24T22:54:05.423+0000] {processor.py:840} INFO - DAG(s) 'insurance_pipeline' retrieved from /opt/airflow/dags/insurance_pipeline_dag.py
[2026-06-24T22:54:05.473+0000] {logging_mixin.py:188} INFO - [2026-06-24T22:54:05.473+0000] {dag.py:3096} INFO - Sync 1 DAGs
[2026-06-24T22:54:05.541+0000] {processor.py:183} INFO - Processing /opt/airflow/dags/insurance_pipeline_dag.py took 0.172 seconds
[2026-06-24T22:54:35.677+0000] {processor.py:161} INFO - Started process (PID=548) to work on /opt/airflow/dags/insurance_pipeline_dag.py
[2026-06-24T22:54:35.679+0000] {processor.py:830} INFO - Processing file /opt/airflow/dags/insurance_pipeline_dag.py for tasks to queue
[2026-06-24T22:54:35.682+0000] {logging_mixin.py:188} INFO - [2026-06-24T22:54:35.682+0000] {dagbag.py:540} INFO - Filling up the DagBag from /opt/airflow/dags/insurance_pipeline_dag.py
[2026-06-24T22:54:35.715+0000] {processor.py:840} INFO - DAG(s) 'insurance_pipeline' retrieved from /opt/airflow/dags/insurance_pipeline_dag.py
[2026-06-24T22:54:35.763+0000] {logging_mixin.py:188} INFO - [2026-06-24T22:54:35.762+0000] {dag.py:3096} INFO - Sync 1 DAGs
[2026-06-24T22:54:35.831+0000] {processor.py:183} INFO - Processing /opt/airflow/dags/insurance_pipeline_dag.py took 0.162 seconds
[2026-06-24T22:55:05.972+0000] {processor.py:161} INFO - Started process (PID=553) to work on /opt/airflow/dags/insurance_pipeline_dag.py
[2026-06-24T22:55:05.973+0000] {processor.py:830} INFO - Processing file /opt/airflow/dags/insurance_pipeline_dag.py for tasks to queue
[2026-06-24T22:55:05.976+0000] {logging_mixin.py:188} INFO - [2026-06-24T22:55:05.976+0000] {dagbag.py:540} INFO - Filling up the DagBag from /opt/airflow/dags/insurance_pipeline_dag.py
[2026-06-24T22:55:06.011+0000] {processor.py:840} INFO - DAG(s) 'insurance_pipeline' retrieved from /opt/airflow/dags/insurance_pipeline_dag.py
[2026-06-24T22:55:06.066+0000] {logging_mixin.py:188} INFO - [2026-06-24T22:55:06.066+0000] {dag.py:3096} INFO - Sync 1 DAGs
[2026-06-24T22:55:06.125+0000] {processor.py:183} INFO - Processing /opt/airflow/dags/insurance_pipeline_dag.py took 0.161 seconds
[2026-06-24T22:55:36.301+0000] {processor.py:161} INFO - Started process (PID=558) to work on /opt/airflow/dags/insurance_pipeline_dag.py
[2026-06-24T22:55:36.303+0000] {processor.py:830} INFO - Processing file /opt/airflow/dags/insurance_pipeline_dag.py for tasks to queue
[2026-06-24T22:55:36.306+0000] {logging_mixin.py:188} INFO - [2026-06-24T22:55:36.305+0000] {dagbag.py:540} INFO - Filling up the DagBag from /opt/airflow/dags/insurance_pipeline_dag.py
[2026-06-24T22:55:36.348+0000] {processor.py:840} INFO - DAG(s) 'insurance_pipeline' retrieved from /opt/airflow/dags/insurance_pipeline_dag.py
[2026-06-24T22:55:36.409+0000] {logging_mixin.py:188} INFO - [2026-06-24T22:55:36.408+0000] {dag.py:3096} INFO - Sync 1 DAGs
[2026-06-24T22:55:36.478+0000] {processor.py:183} INFO - Processing /opt/airflow/dags/insurance_pipeline_dag.py took 0.187 seconds
[2026-06-24T22:56:06.587+0000] {processor.py:161} INFO - Started process (PID=563) to work on /opt/airflow/dags/insurance_pipeline_dag.py
[2026-06-24T22:56:06.590+0000] {processor.py:830} INFO - Processing file /opt/airflow/dags/insurance_pipeline_dag.py for tasks to queue
[2026-06-24T22:56:06.593+0000] {logging_mixin.py:188} INFO - [2026-06-24T22:56:06.593+0000] {dagbag.py:540} INFO - Filling up the DagBag from /opt/airflow/dags/insurance_pipeline_dag.py
[2026-06-24T22:56:06.634+0000] {processor.py:840} INFO - DAG(s) 'insurance_pipeline' retrieved from /opt/airflow/dags/insurance_pipeline_dag.py
[2026-06-24T22:56:06.685+0000] {logging_mixin.py:188} INFO - [2026-06-24T22:56:06.685+0000] {dag.py:3096} INFO - Sync 1 DAGs
[2026-06-24T22:56:06.750+0000] {processor.py:183} INFO - Processing /opt/airflow/dags/insurance_pipeline_dag.py took 0.172 seconds
[2026-06-24T22:56:36.875+0000] {processor.py:161} INFO - Started process (PID=568) to work on /opt/airflow/dags/insurance_pipeline_dag.py
[2026-06-24T22:56:36.877+0000] {processor.py:830} INFO - Processing file /opt/airflow/dags/insurance_pipeline_dag.py for tasks to queue
[2026-06-24T22:56:36.881+0000] {logging_mixin.py:188} INFO - [2026-06-24T22:56:36.881+0000] {dagbag.py:540} INFO - Filling up the DagBag from /opt/airflow/dags/insurance_pipeline_dag.py
[2026-06-24T22:56:36.924+0000] {processor.py:840} INFO - DAG(s) 'insurance_pipeline' retrieved from /opt/airflow/dags/insurance_pipeline_dag.py
[2026-06-24T22:56:36.985+0000] {logging_mixin.py:188} INFO - [2026-06-24T22:56:36.984+0000] {dag.py:3096} INFO - Sync 1 DAGs
[2026-06-24T22:56:37.058+0000] {processor.py:183} INFO - Processing /opt/airflow/dags/insurance_pipeline_dag.py took 0.194 seconds
[2026-06-24T22:57:07.192+0000] {processor.py:161} INFO - Started process (PID=618) to work on /opt/airflow/dags/insurance_pipeline_dag.py
[2026-06-24T22:57:07.194+0000] {processor.py:830} INFO - Processing file /opt/airflow/dags/insurance_pipeline_dag.py for tasks to queue
[2026-06-24T22:57:07.199+0000] {logging_mixin.py:188} INFO - [2026-06-24T22:57:07.198+0000] {dagbag.py:540} INFO - Filling up the DagBag from /opt/airflow/dags/insurance_pipeline_dag.py
[2026-06-24T22:57:07.240+0000] {processor.py:840} INFO - DAG(s) 'insurance_pipeline' retrieved from /opt/airflow/dags/insurance_pipeline_dag.py
[2026-06-24T22:57:07.295+0000] {logging_mixin.py:188} INFO - [2026-06-24T22:57:07.295+0000] {dag.py:3096} INFO - Sync 1 DAGs
[2026-06-24T22:57:07.362+0000] {processor.py:183} INFO - Processing /opt/airflow/dags/insurance_pipeline_dag.py took 0.182 seconds
[2026-06-24T22:57:37.535+0000] {processor.py:161} INFO - Started process (PID=683) to work on /opt/airflow/dags/insurance_pipeline_dag.py
[2026-06-24T22:57:37.537+0000] {processor.py:830} INFO - Processing file /opt/airflow/dags/insurance_pipeline_dag.py for tasks to queue
[2026-06-24T22:57:37.541+0000] {logging_mixin.py:188} INFO - [2026-06-24T22:57:37.540+0000] {dagbag.py:540} INFO - Filling up the DagBag from /opt/airflow/dags/insurance_pipeline_dag.py
[2026-06-24T22:57:37.588+0000] {processor.py:840} INFO - DAG(s) 'insurance_pipeline' retrieved from /opt/airflow/dags/insurance_pipeline_dag.py
[2026-06-24T22:57:37.641+0000] {logging_mixin.py:188} INFO - [2026-06-24T22:57:37.641+0000] {dag.py:3096} INFO - Sync 1 DAGs
[2026-06-24T22:57:37.721+0000] {processor.py:183} INFO - Processing /opt/airflow/dags/insurance_pipeline_dag.py took 0.198 seconds
[2026-06-24T22:58:07.895+0000] {processor.py:161} INFO - Started process (PID=703) to work on /opt/airflow/dags/insurance_pipeline_dag.py
[2026-06-24T22:58:07.898+0000] {processor.py:830} INFO - Processing file /opt/airflow/dags/insurance_pipeline_dag.py for tasks to queue
[2026-06-24T22:58:07.905+0000] {logging_mixin.py:188} INFO - [2026-06-24T22:58:07.902+0000] {dagbag.py:540} INFO - Filling up the DagBag from /opt/airflow/dags/insurance_pipeline_dag.py
[2026-06-24T22:58:07.980+0000] {processor.py:840} INFO - DAG(s) 'insurance_pipeline' retrieved from /opt/airflow/dags/insurance_pipeline_dag.py
[2026-06-24T22:58:08.083+0000] {logging_mixin.py:188} INFO - [2026-06-24T22:58:08.082+0000] {dag.py:3096} INFO - Sync 1 DAGs
[2026-06-24T22:58:08.185+0000] {processor.py:183} INFO - Processing /opt/airflow/dags/insurance_pipeline_dag.py took 0.305 seconds
[2026-06-24T22:58:38.438+0000] {processor.py:161} INFO - Started process (PID=708) to work on /opt/airflow/dags/insurance_pipeline_dag.py
[2026-06-24T22:58:38.441+0000] {processor.py:830} INFO - Processing file /opt/airflow/dags/insurance_pipeline_dag.py for tasks to queue
[2026-06-24T22:58:38.446+0000] {logging_mixin.py:188} INFO - [2026-06-24T22:58:38.445+0000] {dagbag.py:540} INFO - Filling up the DagBag from /opt/airflow/dags/insurance_pipeline_dag.py
[2026-06-24T22:58:38.534+0000] {processor.py:840} INFO - DAG(s) 'insurance_pipeline' retrieved from /opt/airflow/dags/insurance_pipeline_dag.py
[2026-06-24T22:58:38.658+0000] {logging_mixin.py:188} INFO - [2026-06-24T22:58:38.655+0000] {dag.py:3096} INFO - Sync 1 DAGs
[2026-06-24T22:58:38.812+0000] {processor.py:183} INFO - Processing /opt/airflow/dags/insurance_pipeline_dag.py took 0.392 seconds
[2026-06-24T22:59:09.494+0000] {processor.py:161} INFO - Started process (PID=719) to work on /opt/airflow/dags/insurance_pipeline_dag.py
[2026-06-24T22:59:09.497+0000] {processor.py:830} INFO - Processing file /opt/airflow/dags/insurance_pipeline_dag.py for tasks to queue
[2026-06-24T22:59:09.502+0000] {logging_mixin.py:188} INFO - [2026-06-24T22:59:09.501+0000] {dagbag.py:540} INFO - Filling up the DagBag from /opt/airflow/dags/insurance_pipeline_dag.py
[2026-06-24T22:59:09.563+0000] {processor.py:840} INFO - DAG(s) 'insurance_pipeline' retrieved from /opt/airflow/dags/insurance_pipeline_dag.py
[2026-06-24T22:59:09.640+0000] {logging_mixin.py:188} INFO - [2026-06-24T22:59:09.640+0000] {dag.py:3096} INFO - Sync 1 DAGs
[2026-06-24T22:59:09.743+0000] {processor.py:183} INFO - Processing /opt/airflow/dags/insurance_pipeline_dag.py took 0.274 seconds
[2026-06-24T22:59:39.906+0000] {processor.py:161} INFO - Started process (PID=736) to work on /opt/airflow/dags/insurance_pipeline_dag.py
[2026-06-24T22:59:39.907+0000] {processor.py:830} INFO - Processing file /opt/airflow/dags/insurance_pipeline_dag.py for tasks to queue
[2026-06-24T22:59:39.911+0000] {logging_mixin.py:188} INFO - [2026-06-24T22:59:39.910+0000] {dagbag.py:540} INFO - Filling up the DagBag from /opt/airflow/dags/insurance_pipeline_dag.py
[2026-06-24T22:59:39.949+0000] {processor.py:840} INFO - DAG(s) 'insurance_pipeline' retrieved from /opt/airflow/dags/insurance_pipeline_dag.py
[2026-06-24T22:59:40.017+0000] {logging_mixin.py:188} INFO - [2026-06-24T22:59:40.017+0000] {dag.py:3096} INFO - Sync 1 DAGs
[2026-06-24T22:59:39.955+0000] {processor.py:183} INFO - Processing /opt/airflow/dags/insurance_pipeline_dag.py took 0.200 seconds
[2026-06-24T23:00:10.090+0000] {processor.py:161} INFO - Started process (PID=747) to work on /opt/airflow/dags/insurance_pipeline_dag.py
[2026-06-24T23:00:10.091+0000] {processor.py:830} INFO - Processing file /opt/airflow/dags/insurance_pipeline_dag.py for tasks to queue
[2026-06-24T23:00:10.094+0000] {logging_mixin.py:188} INFO - [2026-06-24T23:00:10.093+0000] {dagbag.py:540} INFO - Filling up the DagBag from /opt/airflow/dags/insurance_pipeline_dag.py
[2026-06-24T23:00:10.127+0000] {processor.py:840} INFO - DAG(s) 'insurance_pipeline' retrieved from /opt/airflow/dags/insurance_pipeline_dag.py
[2026-06-24T23:00:10.180+0000] {logging_mixin.py:188} INFO - [2026-06-24T23:00:10.180+0000] {dag.py:3096} INFO - Sync 1 DAGs
[2026-06-24T23:00:10.245+0000] {processor.py:183} INFO - Processing /opt/airflow/dags/insurance_pipeline_dag.py took 0.163 seconds
[2026-06-24T23:00:40.335+0000] {processor.py:161} INFO - Started process (PID=752) to work on /opt/airflow/dags/insurance_pipeline_dag.py
[2026-06-24T23:00:40.337+0000] {processor.py:830} INFO - Processing file /opt/airflow/dags/insurance_pipeline_dag.py for tasks to queue
[2026-06-24T23:00:40.341+0000] {logging_mixin.py:188} INFO - [2026-06-24T23:00:40.341+0000] {dagbag.py:540} INFO - Filling up the DagBag from /opt/airflow/dags/insurance_pipeline_dag.py
[2026-06-24T23:00:40.378+0000] {processor.py:840} INFO - DAG(s) 'insurance_pipeline' retrieved from /opt/airflow/dags/insurance_pipeline_dag.py
[2026-06-24T23:00:40.425+0000] {logging_mixin.py:188} INFO - [2026-06-24T23:00:40.425+0000] {dag.py:3096} INFO - Sync 1 DAGs
[2026-06-24T23:00:40.489+0000] {processor.py:183} INFO - Processing /opt/airflow/dags/insurance_pipeline_dag.py took 0.163 seconds
[2026-06-24T23:01:10.634+0000] {processor.py:161} INFO - Started process (PID=757) to work on /opt/airflow/dags/insurance_pipeline_dag.py
[2026-06-24T23:01:10.636+0000] {processor.py:830} INFO - Processing file /opt/airflow/dags/insurance_pipeline_dag.py for tasks to queue
[2026-06-24T23:01:10.639+0000] {logging_mixin.py:188} INFO - [2026-06-24T23:01:10.638+0000] {dagbag.py:540} INFO - Filling up the DagBag from /opt/airflow/dags/insurance_pipeline_dag.py
[2026-06-24T23:01:10.692+0000] {processor.py:840} INFO - DAG(s) 'insurance_pipeline' retrieved from /opt/airflow/dags/insurance_pipeline_dag.py
[2026-06-24T23:01:10.753+0000] {logging_mixin.py:188} INFO - [2026-06-24T23:01:10.753+0000] {dag.py:3096} INFO - Sync 1 DAGs
[2026-06-24T23:01:10.828+0000] {processor.py:183} INFO - Processing /opt/airflow/dags/insurance_pipeline_dag.py took 0.203 seconds
[2026-06-24T23:01:40.973+0000] {processor.py:161} INFO - Started process (PID=762) to work on /opt/airflow/dags/insurance_pipeline_dag.py
[2026-06-24T23:01:40.975+0000] {processor.py:830} INFO - Processing file /opt/airflow/dags/insurance_pipeline_dag.py for tasks to queue
[2026-06-24T23:01:40.978+0000] {logging_mixin.py:188} INFO - [2026-06-24T23:01:40.978+0000] {dagbag.py:540} INFO - Filling up the DagBag from /opt/airflow/dags/insurance_pipeline_dag.py
[2026-06-24T23:01:41.011+0000] {processor.py:840} INFO - DAG(s) 'insurance_pipeline' retrieved from /opt/airflow/dags/insurance_pipeline_dag.py
[2026-06-24T23:01:41.060+0000] {logging_mixin.py:188} INFO - [2026-06-24T23:01:41.060+0000] {dag.py:3096} INFO - Sync 1 DAGs
[2026-06-24T23:01:41.122+0000] {processor.py:183} INFO - Processing /opt/airflow/dags/insurance_pipeline_dag.py took 0.156 seconds
[2026-06-24T23:02:11.273+0000] {processor.py:161} INFO - Started process (PID=779) to work on /opt/airflow/dags/insurance_pipeline_dag.py
[2026-06-24T23:02:11.275+0000] {processor.py:830} INFO - Processing file /opt/airflow/dags/insurance_pipeline_dag.py for tasks to queue
[2026-06-24T23:02:11.279+0000] {logging_mixin.py:188} INFO - [2026-06-24T23:02:11.278+0000] {dagbag.py:540} INFO - Filling up the DagBag from /opt/airflow/dags/insurance_pipeline_dag.py
[2026-06-24T23:02:11.319+0000] {processor.py:840} INFO - DAG(s) 'insurance_pipeline' retrieved from /opt/airflow/dags/insurance_pipeline_dag.py
[2026-06-24T23:02:11.368+0000] {logging_mixin.py:188} INFO - [2026-06-24T23:02:11.368+0000] {dag.py:3096} INFO - Sync 1 DAGs
[2026-06-24T23:02:11.436+0000] {processor.py:183} INFO - Processing /opt/airflow/dags/insurance_pipeline_dag.py took 0.175 seconds
[2026-06-24T23:02:41.656+0000] {processor.py:161} INFO - Started process (PID=784) to work on /opt/airflow/dags/insurance_pipeline_dag.py
[2026-06-24T23:02:41.660+0000] {processor.py:830} INFO - Processing file /opt/airflow/dags/insurance_pipeline_dag.py for tasks to queue
[2026-06-24T23:02:41.666+0000] {logging_mixin.py:188} INFO - [2026-06-24T23:02:41.665+0000] {dagbag.py:540} INFO - Filling up the DagBag from /opt/airflow/dags/insurance_pipeline_dag.py
[2026-06-24T23:02:41.719+0000] {processor.py:840} INFO - DAG(s) 'insurance_pipeline' retrieved from /opt/airflow/dags/insurance_pipeline_dag.py
[2026-06-24T23:02:41.779+0000] {logging_mixin.py:188} INFO - [2026-06-24T23:02:41.778+0000] {dag.py:3096} INFO - Sync 1 DAGs
[2026-06-24T23:02:41.855+0000] {processor.py:183} INFO - Processing /opt/airflow/dags/insurance_pipeline_dag.py took 0.211 seconds
[2026-06-24T23:03:12.062+0000] {processor.py:161} INFO - Started process (PID=834) to work on /opt/airflow/dags/insurance_pipeline_dag.py
[2026-06-24T23:03:12.064+0000] {processor.py:830} INFO - Processing file /opt/airflow/dags/insurance_pipeline_dag.py for tasks to queue
[2026-06-24T23:03:12.069+0000] {logging_mixin.py:188} INFO - [2026-06-24T23:03:12.068+0000] {dagbag.py:540} INFO - Filling up the DagBag from /opt/airflow/dags/insurance_pipeline_dag.py
[2026-06-24T23:03:12.112+0000] {processor.py:840} INFO - DAG(s) 'insurance_pipeline' retrieved from /opt/airflow/dags/insurance_pipeline_dag.py
[2026-06-24T23:03:12.182+0000] {logging_mixin.py:188} INFO - [2026-06-24T23:03:12.182+0000] {dag.py:3096} INFO - Sync 1 DAGs
[2026-06-24T23:03:12.269+0000] {processor.py:183} INFO - Processing /opt/airflow/dags/insurance_pipeline_dag.py took 0.222 seconds
[2026-06-24T23:03:42.448+0000] {processor.py:161} INFO - Started process (PID=854) to work on /opt/airflow/dags/insurance_pipeline_dag.py
[2026-06-24T23:03:42.450+0000] {processor.py:830} INFO - Processing file /opt/airflow/dags/insurance_pipeline_dag.py for tasks to queue
[2026-06-24T23:03:42.454+0000] {logging_mixin.py:188} INFO - [2026-06-24T23:03:42.453+0000] {dagbag.py:540} INFO - Filling up the DagBag from /opt/airflow/dags/insurance_pipeline_dag.py
[2026-06-24T23:03:42.496+0000] {processor.py:840} INFO - DAG(s) 'insurance_pipeline' retrieved from /opt/airflow/dags/insurance_pipeline_dag.py
[2026-06-24T23:03:42.562+0000] {logging_mixin.py:188} INFO - [2026-06-24T23:03:42.562+0000] {dag.py:3096} INFO - Sync 1 DAGs
[2026-06-24T23:03:42.631+0000] {processor.py:183} INFO - Processing /opt/airflow/dags/insurance_pipeline_dag.py took 0.195 seconds
[2026-06-24T23:04:12.752+0000] {processor.py:161} INFO - Started process (PID=859) to work on /opt/airflow/dags/insurance_pipeline_dag.py
[2026-06-24T23:04:12.754+0000] {processor.py:830} INFO - Processing file /opt/airflow/dags/insurance_pipeline_dag.py for tasks to queue
[2026-06-24T23:04:12.757+0000] {logging_mixin.py:188} INFO - [2026-06-24T23:04:12.757+0000] {dagbag.py:540} INFO - Filling up the DagBag from /opt/airflow/dags/insurance_pipeline_dag.py
[2026-06-24T23:04:12.795+0000] {processor.py:840} INFO - DAG(s) 'insurance_pipeline' retrieved from /opt/airflow/dags/insurance_pipeline_dag.py
[2026-06-24T23:04:12.852+0000] {logging_mixin.py:188} INFO - [2026-06-24T23:04:12.852+0000] {dag.py:3096} INFO - Sync 1 DAGs
[2026-06-24T23:04:12.923+0000] {processor.py:183} INFO - Processing /opt/airflow/dags/insurance_pipeline_dag.py took 0.180 seconds
[2026-06-24T23:04:43.046+0000] {processor.py:161} INFO - Started process (PID=864) to work on /opt/airflow/dags/insurance_pipeline_dag.py
[2026-06-24T23:04:43.049+0000] {processor.py:830} INFO - Processing file /opt/airflow/dags/insurance_pipeline_dag.py for tasks to queue
[2026-06-24T23:04:43.053+0000] {logging_mixin.py:188} INFO - [2026-06-24T23:04:43.052+0000] {dagbag.py:540} INFO - Filling up the DagBag from /opt/airflow/dags/insurance_pipeline_dag.py
[2026-06-24T23:04:43.102+0000] {processor.py:840} INFO - DAG(s) 'insurance_pipeline' retrieved from /opt/airflow/dags/insurance_pipeline_dag.py
[2026-06-24T23:04:43.180+0000] {logging_mixin.py:188} INFO - [2026-06-24T23:04:43.179+0000] {dag.py:3096} INFO - Sync 1 DAGs
[2026-06-24T23:04:43.269+0000] {processor.py:183} INFO - Processing /opt/airflow/dags/insurance_pipeline_dag.py took 0.237 seconds
[2026-06-24T23:05:13.404+0000] {processor.py:161} INFO - Started process (PID=886) to work on /opt/airflow/dags/insurance_pipeline_dag.py
[2026-06-24T23:05:13.405+0000] {processor.py:830} INFO - Processing file /opt/airflow/dags/insurance_pipeline_dag.py for tasks to queue
[2026-06-24T23:05:13.408+0000] {logging_mixin.py:188} INFO - [2026-06-24T23:05:13.408+0000] {dagbag.py:540} INFO - Filling up the DagBag from /opt/airflow/dags/insurance_pipeline_dag.py
[2026-06-24T23:05:13.441+0000] {processor.py:840} INFO - DAG(s) 'insurance_pipeline' retrieved from /opt/airflow/dags/insurance_pipeline_dag.py
[2026-06-24T23:05:13.487+0000] {logging_mixin.py:188} INFO - [2026-06-24T23:05:13.486+0000] {dag.py:3096} INFO - Sync 1 DAGs
[2026-06-24T23:05:13.549+0000] {processor.py:183} INFO - Processing /opt/airflow/dags/insurance_pipeline_dag.py took 0.154 seconds
[2026-06-24T23:05:43.669+0000] {processor.py:161} INFO - Started process (PID=891) to work on /opt/airflow/dags/insurance_pipeline_dag.py
[2026-06-24T23:05:43.671+0000] {processor.py:830} INFO - Processing file /opt/airflow/dags/insurance_pipeline_dag.py for tasks to queue
[2026-06-24T23:05:43.674+0000] {logging_mixin.py:188} INFO - [2026-06-24T23:05:43.674+0000] {dagbag.py:540} INFO - Filling up the DagBag from /opt/airflow/dags/insurance_pipeline_dag.py
[2026-06-24T23:05:43.705+0000] {processor.py:840} INFO - DAG(s) 'insurance_pipeline' retrieved from /opt/airflow/dags/insurance_pipeline_dag.py
[2026-06-24T23:05:43.750+0000] {logging_mixin.py:188} INFO - [2026-06-24T23:05:43.749+0000] {dag.py:3096} INFO - Sync 1 DAGs
[2026-06-24T23:05:43.809+0000] {processor.py:183} INFO - Processing /opt/airflow/dags/insurance_pipeline_dag.py took 0.148 seconds
[2026-06-24T23:06:13.949+0000] {processor.py:161} INFO - Started process (PID=914) to work on /opt/airflow/dags/insurance_pipeline_dag.py
[2026-06-24T23:06:13.951+0000] {processor.py:830} INFO - Processing file /opt/airflow/dags/insurance_pipeline_dag.py for tasks to queue
[2026-06-24T23:06:13.955+0000] {logging_mixin.py:188} INFO - [2026-06-24T23:06:13.955+0000] {dagbag.py:540} INFO - Filling up the DagBag from /opt/airflow/dags/insurance_pipeline_dag.py
[2026-06-24T23:06:13.992+0000] {processor.py:840} INFO - DAG(s) 'insurance_pipeline' retrieved from /opt/airflow/dags/insurance_pipeline_dag.py
[2026-06-24T23:06:14.041+0000] {logging_mixin.py:188} INFO - [2026-06-24T23:06:14.041+0000] {dag.py:3096} INFO - Sync 1 DAGs
[2026-06-24T23:06:14.108+0000] {processor.py:183} INFO - Processing /opt/airflow/dags/insurance_pipeline_dag.py took 0.168 seconds
[2026-06-24T23:06:44.233+0000] {processor.py:161} INFO - Started process (PID=925) to work on /opt/airflow/dags/insurance_pipeline_dag.py
[2026-06-24T23:06:44.235+0000] {processor.py:830} INFO - Processing file /opt/airflow/dags/insurance_pipeline_dag.py for tasks to queue
[2026-06-24T23:06:44.239+0000] {logging_mixin.py:188} INFO - [2026-06-24T23:06:44.238+0000] {dagbag.py:540} INFO - Filling up the DagBag from /opt/airflow/dags/insurance_pipeline_dag.py
[2026-06-24T23:06:44.273+0000] {processor.py:840} INFO - DAG(s) 'insurance_pipeline' retrieved from /opt/airflow/dags/insurance_pipeline_dag.py
[2026-06-24T23:06:44.320+0000] {logging_mixin.py:188} INFO - [2026-06-24T23:06:44.319+0000] {dag.py:3096} INFO - Sync 1 DAGs
[2026-06-24T23:06:44.384+0000] {processor.py:183} INFO - Processing /opt/airflow/dags/insurance_pipeline_dag.py took 0.161 seconds
[2026-06-24T23:07:14.518+0000] {processor.py:161} INFO - Started process (PID=930) to work on /opt/airflow/dags/insurance_pipeline_dag.py
[2026-06-24T23:07:14.520+0000] {processor.py:830} INFO - Processing file /opt/airflow/dags/insurance_pipeline_dag.py for tasks to queue
[2026-06-24T23:07:14.524+0000] {logging_mixin.py:188} INFO - [2026-06-24T23:07:14.523+0000] {dagbag.py:540} INFO - Filling up the DagBag from /opt/airflow/dags/insurance_pipeline_dag.py
[2026-06-24T23:07:14.558+0000] {processor.py:840} INFO - DAG(s) 'insurance_pipeline' retrieved from /opt/airflow/dags/insurance_pipeline_dag.py
[2026-06-24T23:07:14.604+0000] {logging_mixin.py:188} INFO - [2026-06-24T23:07:14.603+0000] {dag.py:3096} INFO - Sync 1 DAGs
[2026-06-24T23:07:14.661+0000] {processor.py:183} INFO - Processing /opt/airflow/dags/insurance_pipeline_dag.py took 0.151 seconds
[2026-06-24T23:07:45.012+0000] {processor.py:161} INFO - Started process (PID=935) to work on /opt/airflow/dags/insurance_pipeline_dag.py
[2026-06-24T23:07:45.015+0000] {processor.py:830} INFO - Processing file /opt/airflow/dags/insurance_pipeline_dag.py for tasks to queue
[2026-06-24T23:07:45.024+0000] {logging_mixin.py:188} INFO - [2026-06-24T23:07:45.022+0000] {dagbag.py:540} INFO - Filling up the DagBag from /opt/airflow/dags/insurance_pipeline_dag.py
[2026-06-24T23:07:45.097+0000] {processor.py:840} INFO - DAG(s) 'insurance_pipeline' retrieved from /opt/airflow/dags/insurance_pipeline_dag.py
[2026-06-24T23:07:45.204+0000] {logging_mixin.py:188} INFO - [2026-06-24T23:07:45.204+0000] {dag.py:3096} INFO - Sync 1 DAGs
[2026-06-24T23:07:45.359+0000] {processor.py:183} INFO - Processing /opt/airflow/dags/insurance_pipeline_dag.py took 0.363 seconds
[2026-06-24T23:08:15.904+0000] {processor.py:161} INFO - Started process (PID=940) to work on /opt/airflow/dags/insurance_pipeline_dag.py
[2026-06-24T23:08:15.907+0000] {processor.py:830} INFO - Processing file /opt/airflow/dags/insurance_pipeline_dag.py for tasks to queue
[2026-06-24T23:08:15.918+0000] {logging_mixin.py:188} INFO - [2026-06-24T23:08:15.916+0000] {dagbag.py:540} INFO - Filling up the DagBag from /opt/airflow/dags/insurance_pipeline_dag.py
[2026-06-24T23:08:16.034+0000] {processor.py:840} INFO - DAG(s) 'insurance_pipeline' retrieved from /opt/airflow/dags/insurance_pipeline_dag.py
[2026-06-24T23:08:16.209+0000] {logging_mixin.py:188} INFO - [2026-06-24T23:08:16.209+0000] {dag.py:3096} INFO - Sync 1 DAGs
[2026-06-24T23:08:16.402+0000] {processor.py:183} INFO - Processing /opt/airflow/dags/insurance_pipeline_dag.py took 0.519 seconds
[2026-06-24T23:08:46.812+0000] {processor.py:161} INFO - Started process (PID=945) to work on /opt/airflow/dags/insurance_pipeline_dag.py
[2026-06-24T23:08:46.815+0000] {processor.py:830} INFO - Processing file /opt/airflow/dags/insurance_pipeline_dag.py for tasks to queue
[2026-06-24T23:08:46.829+0000] {logging_mixin.py:188} INFO - [2026-06-24T23:08:46.828+0000] {dagbag.py:540} INFO - Filling up the DagBag from /opt/airflow/dags/insurance_pipeline_dag.py
[2026-06-24T23:08:46.906+0000] {processor.py:840} INFO - DAG(s) 'insurance_pipeline' retrieved from /opt/airflow/dags/insurance_pipeline_dag.py
[2026-06-24T23:08:47.031+0000] {logging_mixin.py:188} INFO - [2026-06-24T23:08:47.030+0000] {dag.py:3096} INFO - Sync 1 DAGs
[2026-06-24T23:08:47.161+0000] {processor.py:183} INFO - Processing /opt/airflow/dags/insurance_pipeline_dag.py took 0.369 seconds
[2026-06-24T23:09:17.572+0000] {processor.py:161} INFO - Started process (PID=950) to work on /opt/airflow/dags/insurance_pipeline_dag.py
[2026-06-24T23:09:17.575+0000] {processor.py:830} INFO - Processing file /opt/airflow/dags/insurance_pipeline_dag.py for tasks to queue
[2026-06-24T23:09:17.582+0000] {logging_mixin.py:188} INFO - [2026-06-24T23:09:17.580+0000] {dagbag.py:540} INFO - Filling up the DagBag from /opt/airflow/dags/insurance_pipeline_dag.py
[2026-06-24T23:09:17.643+0000] {processor.py:840} INFO - DAG(s) 'insurance_pipeline' retrieved from /opt/airflow/dags/insurance_pipeline_dag.py
[2026-06-24T23:09:17.794+0000] {logging_mixin.py:188} INFO - [2026-06-24T23:09:17.793+0000] {dag.py:3096} INFO - Sync 1 DAGs
[2026-06-24T23:09:17.987+0000] {processor.py:183} INFO - Processing /opt/airflow/dags/insurance_pipeline_dag.py took 0.430 seconds
[2026-06-24T23:09:48.123+0000] {processor.py:161} INFO - Started process (PID=955) to work on /opt/airflow/dags/insurance_pipeline_dag.py
[2026-06-24T23:09:48.125+0000] {processor.py:830} INFO - Processing file /opt/airflow/dags/insurance_pipeline_dag.py for tasks to queue
[2026-06-24T23:09:48.130+0000] {logging_mixin.py:188} INFO - [2026-06-24T23:09:48.129+0000] {dagbag.py:540} INFO - Filling up the DagBag from /opt/airflow/dags/insurance_pipeline_dag.py
[2026-06-24T23:09:48.193+0000] {processor.py:840} INFO - DAG(s) 'insurance_pipeline' retrieved from /opt/airflow/dags/insurance_pipeline_dag.py
[2026-06-24T23:09:48.280+0000] {logging_mixin.py:188} INFO - [2026-06-24T23:09:48.279+0000] {dag.py:3096} INFO - Sync 1 DAGs
[2026-06-24T23:09:48.438+0000] {processor.py:183} INFO - Processing /opt/airflow/dags/insurance_pipeline_dag.py took 0.326 seconds
[2026-06-24T23:10:19.949+0000] {processor.py:161} INFO - Started process (PID=975) to work on /opt/airflow/dags/insurance_pipeline_dag.py
[2026-06-24T23:10:19.964+0000] {processor.py:830} INFO - Processing file /opt/airflow/dags/insurance_pipeline_dag.py for tasks to queue
[2026-06-24T23:10:19.987+0000] {logging_mixin.py:188} INFO - [2026-06-24T23:10:19.986+0000] {dagbag.py:540} INFO - Filling up the DagBag from /opt/airflow/dags/insurance_pipeline_dag.py
[2026-06-24T23:10:20.465+0000] {processor.py:840} INFO - DAG(s) 'insurance_pipeline' retrieved from /opt/airflow/dags/insurance_pipeline_dag.py
[2026-06-24T23:10:20.676+0000] {logging_mixin.py:188} INFO - [2026-06-24T23:10:20.675+0000] {dag.py:3096} INFO - Sync 1 DAGs
[2026-06-24T23:10:20.907+0000] {processor.py:183} INFO - Processing /opt/airflow/dags/insurance_pipeline_dag.py took 1.002 seconds
[2026-06-24T23:10:51.972+0000] {processor.py:161} INFO - Started process (PID=980) to work on /opt/airflow/dags/insurance_pipeline_dag.py
[2026-06-24T23:10:51.981+0000] {processor.py:830} INFO - Processing file /opt/airflow/dags/insurance_pipeline_dag.py for tasks to queue
[2026-06-24T23:10:51.995+0000] {logging_mixin.py:188} INFO - [2026-06-24T23:10:51.993+0000] {dagbag.py:540} INFO - Filling up the DagBag from /opt/airflow/dags/insurance_pipeline_dag.py
[2026-06-24T23:10:52.591+0000] {processor.py:840} INFO - DAG(s) 'insurance_pipeline' retrieved from /opt/airflow/dags/insurance_pipeline_dag.py
[2026-06-24T23:10:52.778+0000] {logging_mixin.py:188} INFO - [2026-06-24T23:10:52.777+0000] {dag.py:3096} INFO - Sync 1 DAGs
[2026-06-24T23:10:53.153+0000] {processor.py:183} INFO - Processing /opt/airflow/dags/insurance_pipeline_dag.py took 1.205 seconds
[2026-06-24T23:11:23.801+0000] {processor.py:161} INFO - Started process (PID=985) to work on /opt/airflow/dags/insurance_pipeline_dag.py
[2026-06-24T23:11:23.803+0000] {processor.py:830} INFO - Processing file /opt/airflow/dags/insurance_pipeline_dag.py for tasks to queue
[2026-06-24T23:11:23.808+0000] {logging_mixin.py:188} INFO - [2026-06-24T23:11:23.807+0000] {dagbag.py:540} INFO - Filling up the DagBag from /opt/airflow/dags/insurance_pipeline_dag.py
[2026-06-24T23:11:23.858+0000] {processor.py:840} INFO - DAG(s) 'insurance_pipeline' retrieved from /opt/airflow/dags/insurance_pipeline_dag.py
[2026-06-24T23:11:23.934+0000] {logging_mixin.py:188} INFO - [2026-06-24T23:11:23.933+0000] {dag.py:3096} INFO - Sync 1 DAGs
[2026-06-24T23:11:24.020+0000] {processor.py:183} INFO - Processing /opt/airflow/dags/insurance_pipeline_dag.py took 0.233 seconds
[2026-06-24T23:11:54.159+0000] {processor.py:161} INFO - Started process (PID=990) to work on /opt/airflow/dags/insurance_pipeline_dag.py
[2026-06-24T23:11:54.161+0000] {processor.py:830} INFO - Processing file /opt/airflow/dags/insurance_pipeline_dag.py for tasks to queue
[2026-06-24T23:11:54.165+0000] {logging_mixin.py:188} INFO - [2026-06-24T23:11:54.164+0000] {dagbag.py:540} INFO - Filling up the DagBag from /opt/airflow/dags/insurance_pipeline_dag.py
[2026-06-24T23:11:54.200+0000] {processor.py:840} INFO - DAG(s) 'insurance_pipeline' retrieved from /opt/airflow/dags/insurance_pipeline_dag.py
[2026-06-24T23:11:54.247+0000] {logging_mixin.py:188} INFO - [2026-06-24T23:11:54.246+0000] {dag.py:3096} INFO - Sync 1 DAGs
[2026-06-24T23:11:54.281+0000] {logging_mixin.py:188} INFO - [2026-06-24T23:11:54.281+0000] {dag.py:3954} INFO - Setting next_dagrun for insurance_pipeline to 2026-06-24 01:00:00+00:00, run_after=2026-06-25 01:00:00+00:00
[2026-06-24T23:11:54.316+0000] {processor.py:183} INFO - Processing /opt/airflow/dags/insurance_pipeline_dag.py took 0.167 seconds
[2026-06-24T23:12:24.492+0000] {processor.py:161} INFO - Started process (PID=1013) to work on /opt/airflow/dags/insurance_pipeline_dag.py
[2026-06-24T23:12:24.494+0000] {processor.py:830} INFO - Processing file /opt/airflow/dags/insurance_pipeline_dag.py for tasks to queue
[2026-06-24T23:12:24.499+0000] {logging_mixin.py:188} INFO - [2026-06-24T23:12:24.498+0000] {dagbag.py:540} INFO - Filling up the DagBag from /opt/airflow/dags/insurance_pipeline_dag.py
[2026-06-24T23:12:24.549+0000] {processor.py:840} INFO - DAG(s) 'insurance_pipeline' retrieved from /opt/airflow/dags/insurance_pipeline_dag.py
[2026-06-24T23:12:24.606+0000] {logging_mixin.py:188} INFO - [2026-06-24T23:12:24.606+0000] {dag.py:3096} INFO - Sync 1 DAGs
[2026-06-24T23:12:24.643+0000] {logging_mixin.py:188} INFO - [2026-06-24T23:12:24.643+0000] {dag.py:3954} INFO - Setting next_dagrun for insurance_pipeline to 2026-06-24 01:00:00+00:00, run_after=2026-06-25 01:00:00+00:00
[2026-06-24T23:12:24.674+0000] {processor.py:183} INFO - Processing /opt/airflow/dags/insurance_pipeline_dag.py took 0.194 seconds
[2026-06-24T23:12:54.819+0000] {processor.py:161} INFO - Started process (PID=1030) to work on /opt/airflow/dags/insurance_pipeline_dag.py
[2026-06-24T23:12:54.820+0000] {processor.py:830} INFO - Processing file /opt/airflow/dags/insurance_pipeline_dag.py for tasks to queue
[2026-06-24T23:12:54.824+0000] {logging_mixin.py:188} INFO - [2026-06-24T23:12:54.823+0000] {dagbag.py:540} INFO - Filling up the DagBag from /opt/airflow/dags/insurance_pipeline_dag.py
[2026-06-24T23:12:54.865+0000] {processor.py:840} INFO - DAG(s) 'insurance_pipeline' retrieved from /opt/airflow/dags/insurance_pipeline_dag.py
[2026-06-24T23:12:54.920+0000] {logging_mixin.py:188} INFO - [2026-06-24T23:12:54.919+0000] {dag.py:3096} INFO - Sync 1 DAGs
[2026-06-24T23:12:54.956+0000] {logging_mixin.py:188} INFO - [2026-06-24T23:12:54.956+0000] {dag.py:3954} INFO - Setting next_dagrun for insurance_pipeline to 2026-06-24 01:00:00+00:00, run_after=2026-06-25 01:00:00+00:00
[2026-06-24T23:12:54.991+0000] {processor.py:183} INFO - Processing /opt/airflow/dags/insurance_pipeline_dag.py took 0.183 seconds
[2026-06-24T23:13:25.124+0000] {processor.py:161} INFO - Started process (PID=1047) to work on /opt/airflow/dags/insurance_pipeline_dag.py
[2026-06-24T23:13:25.126+0000] {processor.py:830} INFO - Processing file /opt/airflow/dags/insurance_pipeline_dag.py for tasks to queue
[2026-06-24T23:13:25.129+0000] {logging_mixin.py:188} INFO - [2026-06-24T23:13:25.128+0000] {dagbag.py:540} INFO - Filling up the DagBag from /opt/airflow/dags/insurance_pipeline_dag.py
[2026-06-24T23:13:25.170+0000] {processor.py:840} INFO - DAG(s) 'insurance_pipeline' retrieved from /opt/airflow/dags/insurance_pipeline_dag.py
[2026-06-24T23:13:25.222+0000] {logging_mixin.py:188} INFO - [2026-06-24T23:13:25.222+0000] {dag.py:3096} INFO - Sync 1 DAGs
[2026-06-24T23:13:25.255+0000] {logging_mixin.py:188} INFO - [2026-06-24T23:13:25.255+0000] {dag.py:3954} INFO - Setting next_dagrun for insurance_pipeline to 2026-06-24 01:00:00+00:00, run_after=2026-06-25 01:00:00+00:00
[2026-06-24T23:13:25.288+0000] {processor.py:183} INFO - Processing /opt/airflow/dags/insurance_pipeline_dag.py took 0.173 seconds
[2026-06-24T23:13:55.443+0000] {processor.py:161} INFO - Started process (PID=1052) to work on /opt/airflow/dags/insurance_pipeline_dag.py
[2026-06-24T23:13:55.446+0000] {processor.py:830} INFO - Processing file /opt/airflow/dags/insurance_pipeline_dag.py for tasks to queue
[2026-06-24T23:13:55.450+0000] {logging_mixin.py:188} INFO - [2026-06-24T23:13:55.449+0000] {dagbag.py:540} INFO - Filling up the DagBag from /opt/airflow/dags/insurance_pipeline_dag.py
[2026-06-24T23:13:55.497+0000] {processor.py:840} INFO - DAG(s) 'insurance_pipeline' retrieved from /opt/airflow/dags/insurance_pipeline_dag.py
[2026-06-24T23:13:55.548+0000] {logging_mixin.py:188} INFO - [2026-06-24T23:13:55.548+0000] {dag.py:3096} INFO - Sync 1 DAGs
[2026-06-24T23:13:55.578+0000] {logging_mixin.py:188} INFO - [2026-06-24T23:13:55.578+0000] {dag.py:3954} INFO - Setting next_dagrun for insurance_pipeline to 2026-06-24 01:00:00+00:00, run_after=2026-06-25 01:00:00+00:00
[2026-06-24T23:13:55.614+0000] {processor.py:183} INFO - Processing /opt/airflow/dags/insurance_pipeline_dag.py took 0.181 seconds
[2026-06-24T23:14:25.719+0000] {processor.py:161} INFO - Started process (PID=1057) to work on /opt/airflow/dags/insurance_pipeline_dag.py
[2026-06-24T23:14:25.721+0000] {processor.py:830} INFO - Processing file /opt/airflow/dags/insurance_pipeline_dag.py for tasks to queue
[2026-06-24T23:14:25.724+0000] {logging_mixin.py:188} INFO - [2026-06-24T23:14:25.723+0000] {dagbag.py:540} INFO - Filling up the DagBag from /opt/airflow/dags/insurance_pipeline_dag.py
[2026-06-24T23:14:25.757+0000] {processor.py:840} INFO - DAG(s) 'insurance_pipeline' retrieved from /opt/airflow/dags/insurance_pipeline_dag.py
[2026-06-24T23:14:25.805+0000] {logging_mixin.py:188} INFO - [2026-06-24T23:14:25.805+0000] {dag.py:3096} INFO - Sync 1 DAGs
[2026-06-24T23:14:25.836+0000] {logging_mixin.py:188} INFO - [2026-06-24T23:14:25.835+0000] {dag.py:3954} INFO - Setting next_dagrun for insurance_pipeline to 2026-06-24 01:00:00+00:00, run_after=2026-06-25 01:00:00+00:00
[2026-06-24T23:14:25.868+0000] {processor.py:183} INFO - Processing /opt/airflow/dags/insurance_pipeline_dag.py took 0.158 seconds
[2026-06-24T23:14:55.989+0000] {processor.py:161} INFO - Started process (PID=1062) to work on /opt/airflow/dags/insurance_pipeline_dag.py
[2026-06-24T23:14:55.992+0000] {processor.py:830} INFO - Processing file /opt/airflow/dags/insurance_pipeline_dag.py for tasks to queue
[2026-06-24T23:14:55.998+0000] {logging_mixin.py:188} INFO - [2026-06-24T23:14:55.997+0000] {dagbag.py:540} INFO - Filling up the DagBag from /opt/airflow/dags/insurance_pipeline_dag.py
[2026-06-24T23:14:56.037+0000] {processor.py:840} INFO - DAG(s) 'insurance_pipeline' retrieved from /opt/airflow/dags/insurance_pipeline_dag.py
[2026-06-24T23:14:56.088+0000] {logging_mixin.py:188} INFO - [2026-06-24T23:14:56.088+0000] {dag.py:3096} INFO - Sync 1 DAGs
[2026-06-24T23:14:56.127+0000] {logging_mixin.py:188} INFO - [2026-06-24T23:14:56.127+0000] {dag.py:3954} INFO - Setting next_dagrun for insurance_pipeline to 2026-06-24 01:00:00+00:00, run_after=2026-06-25 01:00:00+00:00
[2026-06-24T23:14:56.164+0000] {processor.py:183} INFO - Processing /opt/airflow/dags/insurance_pipeline_dag.py took 0.186 seconds
[2026-06-24T23:15:26.248+0000] {processor.py:161} INFO - Started process (PID=1067) to work on /opt/airflow/dags/insurance_pipeline_dag.py
[2026-06-24T23:15:26.249+0000] {processor.py:830} INFO - Processing file /opt/airflow/dags/insurance_pipeline_dag.py for tasks to queue
[2026-06-24T23:15:26.252+0000] {logging_mixin.py:188} INFO - [2026-06-24T23:15:26.252+0000] {dagbag.py:540} INFO - Filling up the DagBag from /opt/airflow/dags/insurance_pipeline_dag.py
[2026-06-24T23:15:26.284+0000] {processor.py:840} INFO - DAG(s) 'insurance_pipeline' retrieved from /opt/airflow/dags/insurance_pipeline_dag.py
[2026-06-24T23:15:26.330+0000] {logging_mixin.py:188} INFO - [2026-06-24T23:15:26.330+0000] {dag.py:3096} INFO - Sync 1 DAGs
[2026-06-24T23:15:26.367+0000] {logging_mixin.py:188} INFO - [2026-06-24T23:15:26.366+0000] {dag.py:3954} INFO - Setting next_dagrun for insurance_pipeline to 2026-06-24 01:00:00+00:00, run_after=2026-06-25 01:00:00+00:00
[2026-06-24T23:15:26.399+0000] {processor.py:183} INFO - Processing /opt/airflow/dags/insurance_pipeline_dag.py took 0.159 seconds
[2026-06-24T23:15:56.519+0000] {processor.py:161} INFO - Started process (PID=1072) to work on /opt/airflow/dags/insurance_pipeline_dag.py
[2026-06-24T23:15:56.522+0000] {processor.py:830} INFO - Processing file /opt/airflow/dags/insurance_pipeline_dag.py for tasks to queue
[2026-06-24T23:15:56.526+0000] {logging_mixin.py:188} INFO - [2026-06-24T23:15:56.525+0000] {dagbag.py:540} INFO - Filling up the DagBag from /opt/airflow/dags/insurance_pipeline_dag.py
[2026-06-24T23:15:56.568+0000] {processor.py:840} INFO - DAG(s) 'insurance_pipeline' retrieved from /opt/airflow/dags/insurance_pipeline_dag.py
[2026-06-24T23:15:56.626+0000] {logging_mixin.py:188} INFO - [2026-06-24T23:15:56.626+0000] {dag.py:3096} INFO - Sync 1 DAGs
[2026-06-24T23:15:56.668+0000] {logging_mixin.py:188} INFO - [2026-06-24T23:15:56.668+0000] {dag.py:3954} INFO - Setting next_dagrun for insurance_pipeline to 2026-06-24 01:00:00+00:00, run_after=2026-06-25 01:00:00+00:00
[2026-06-24T23:15:56.709+0000] {processor.py:183} INFO - Processing /opt/airflow/dags/insurance_pipeline_dag.py took 0.202 seconds
[2026-06-24T23:16:26.828+0000] {processor.py:161} INFO - Started process (PID=1077) to work on /opt/airflow/dags/insurance_pipeline_dag.py
[2026-06-24T23:16:26.829+0000] {processor.py:830} INFO - Processing file /opt/airflow/dags/insurance_pipeline_dag.py for tasks to queue
[2026-06-24T23:16:26.834+0000] {logging_mixin.py:188} INFO - [2026-06-24T23:16:26.833+0000] {dagbag.py:540} INFO - Filling up the DagBag from /opt/airflow/dags/insurance_pipeline_dag.py
[2026-06-24T23:16:26.875+0000] {processor.py:840} INFO - DAG(s) 'insurance_pipeline' retrieved from /opt/airflow/dags/insurance_pipeline_dag.py
[2026-06-24T23:16:26.925+0000] {logging_mixin.py:188} INFO - [2026-06-24T23:16:26.925+0000] {dag.py:3096} INFO - Sync 1 DAGs
[2026-06-24T23:16:26.959+0000] {logging_mixin.py:188} INFO - [2026-06-24T23:16:26.958+0000] {dag.py:3954} INFO - Setting next_dagrun for insurance_pipeline to 2026-06-24 01:00:00+00:00, run_after=2026-06-25 01:00:00+00:00
[2026-06-24T23:16:26.991+0000] {processor.py:183} INFO - Processing /opt/airflow/dags/insurance_pipeline_dag.py took 0.172 seconds
[2026-06-24T23:16:57.100+0000] {processor.py:161} INFO - Started process (PID=1082) to work on /opt/airflow/dags/insurance_pipeline_dag.py
[2026-06-24T23:16:57.102+0000] {processor.py:830} INFO - Processing file /opt/airflow/dags/insurance_pipeline_dag.py for tasks to queue
[2026-06-24T23:16:57.106+0000] {logging_mixin.py:188} INFO - [2026-06-24T23:16:57.106+0000] {dagbag.py:540} INFO - Filling up the DagBag from /opt/airflow/dags/insurance_pipeline_dag.py
[2026-06-24T23:16:57.141+0000] {processor.py:840} INFO - DAG(s) 'insurance_pipeline' retrieved from /opt/airflow/dags/insurance_pipeline_dag.py
[2026-06-24T23:16:57.190+0000] {logging_mixin.py:188} INFO - [2026-06-24T23:16:57.189+0000] {dag.py:3096} INFO - Sync 1 DAGs
[2026-06-24T23:16:57.225+0000] {logging_mixin.py:188} INFO - [2026-06-24T23:16:57.224+0000] {dag.py:3954} INFO - Setting next_dagrun for insurance_pipeline to 2026-06-24 01:00:00+00:00, run_after=2026-06-25 01:00:00+00:00
[2026-06-24T23:16:57.258+0000] {processor.py:183} INFO - Processing /opt/airflow/dags/insurance_pipeline_dag.py took 0.167 seconds
[2026-06-24T23:17:27.407+0000] {processor.py:161} INFO - Started process (PID=1087) to work on /opt/airflow/dags/insurance_pipeline_dag.py
[2026-06-24T23:17:27.409+0000] {processor.py:830} INFO - Processing file /opt/airflow/dags/insurance_pipeline_dag.py for tasks to queue
[2026-06-24T23:17:27.416+0000] {logging_mixin.py:188} INFO - [2026-06-24T23:17:27.415+0000] {dagbag.py:540} INFO - Filling up the DagBag from /opt/airflow/dags/insurance_pipeline_dag.py
[2026-06-24T23:17:27.468+0000] {processor.py:840} INFO - DAG(s) 'insurance_pipeline' retrieved from /opt/airflow/dags/insurance_pipeline_dag.py
[2026-06-24T23:17:27.538+0000] {logging_mixin.py:188} INFO - [2026-06-24T23:17:27.538+0000] {dag.py:3096} INFO - Sync 1 DAGs
[2026-06-24T23:17:27.580+0000] {logging_mixin.py:188} INFO - [2026-06-24T23:17:27.580+0000] {dag.py:3954} INFO - Setting next_dagrun for insurance_pipeline to 2026-06-24 01:00:00+00:00, run_after=2026-06-25 01:00:00+00:00
[2026-06-24T23:17:27.615+0000] {processor.py:183} INFO - Processing /opt/airflow/dags/insurance_pipeline_dag.py took 0.225 seconds
[2026-06-24T23:17:57.752+0000] {processor.py:161} INFO - Started process (PID=1098) to work on /opt/airflow/dags/insurance_pipeline_dag.py
[2026-06-24T23:17:57.754+0000] {processor.py:830} INFO - Processing file /opt/airflow/dags/insurance_pipeline_dag.py for tasks to queue
[2026-06-24T23:17:57.757+0000] {logging_mixin.py:188} INFO - [2026-06-24T23:17:57.757+0000] {dagbag.py:540} INFO - Filling up the DagBag from /opt/airflow/dags/insurance_pipeline_dag.py
[2026-06-24T23:17:57.799+0000] {processor.py:840} INFO - DAG(s) 'insurance_pipeline' retrieved from /opt/airflow/dags/insurance_pipeline_dag.py
[2026-06-24T23:17:57.850+0000] {logging_mixin.py:188} INFO - [2026-06-24T23:17:57.850+0000] {dag.py:3096} INFO - Sync 1 DAGs
[2026-06-24T23:17:57.885+0000] {logging_mixin.py:188} INFO - [2026-06-24T23:17:57.884+0000] {dag.py:3954} INFO - Setting next_dagrun for insurance_pipeline to 2026-06-24 01:00:00+00:00, run_after=2026-06-25 01:00:00+00:00
[2026-06-24T23:17:57.923+0000] {processor.py:183} INFO - Processing /opt/airflow/dags/insurance_pipeline_dag.py took 0.182 seconds
[2026-06-24T23:18:28.076+0000] {processor.py:161} INFO - Started process (PID=1132) to work on /opt/airflow/dags/insurance_pipeline_dag.py
[2026-06-24T23:18:28.078+0000] {processor.py:830} INFO - Processing file /opt/airflow/dags/insurance_pipeline_dag.py for tasks to queue
[2026-06-24T23:18:28.082+0000] {logging_mixin.py:188} INFO - [2026-06-24T23:18:28.081+0000] {dagbag.py:540} INFO - Filling up the DagBag from /opt/airflow/dags/insurance_pipeline_dag.py
[2026-06-24T23:18:28.120+0000] {processor.py:840} INFO - DAG(s) 'insurance_pipeline' retrieved from /opt/airflow/dags/insurance_pipeline_dag.py
[2026-06-24T23:18:28.193+0000] {logging_mixin.py:188} INFO - [2026-06-24T23:18:28.192+0000] {dag.py:3096} INFO - Sync 1 DAGs
[2026-06-24T23:18:28.238+0000] {logging_mixin.py:188} INFO - [2026-06-24T23:18:28.237+0000] {dag.py:3954} INFO - Setting next_dagrun for insurance_pipeline to 2026-06-24 01:00:00+00:00, run_after=2026-06-25 01:00:00+00:00
[2026-06-24T23:18:28.280+0000] {processor.py:183} INFO - Processing /opt/airflow/dags/insurance_pipeline_dag.py took 0.220 seconds
[2026-06-24T23:18:58.440+0000] {processor.py:161} INFO - Started process (PID=1137) to work on /opt/airflow/dags/insurance_pipeline_dag.py
[2026-06-24T23:18:58.442+0000] {processor.py:830} INFO - Processing file /opt/airflow/dags/insurance_pipeline_dag.py for tasks to queue
[2026-06-24T23:18:58.448+0000] {logging_mixin.py:188} INFO - [2026-06-24T23:18:58.447+0000] {dagbag.py:540} INFO - Filling up the DagBag from /opt/airflow/dags/insurance_pipeline_dag.py
[2026-06-24T23:18:58.499+0000] {processor.py:840} INFO - DAG(s) 'insurance_pipeline' retrieved from /opt/airflow/dags/insurance_pipeline_dag.py
[2026-06-24T23:18:58.564+0000] {logging_mixin.py:188} INFO - [2026-06-24T23:18:58.563+0000] {dag.py:3096} INFO - Sync 1 DAGs
[2026-06-24T23:18:58.612+0000] {logging_mixin.py:188} INFO - [2026-06-24T23:18:58.612+0000] {dag.py:3954} INFO - Setting next_dagrun for insurance_pipeline to 2026-06-24 01:00:00+00:00, run_after=2026-06-25 01:00:00+00:00
[2026-06-24T23:18:58.672+0000] {processor.py:183} INFO - Processing /opt/airflow/dags/insurance_pipeline_dag.py took 0.248 seconds
[2026-06-24T23:19:28.971+0000] {processor.py:161} INFO - Started process (PID=1142) to work on /opt/airflow/dags/insurance_pipeline_dag.py
[2026-06-24T23:19:28.974+0000] {processor.py:830} INFO - Processing file /opt/airflow/dags/insurance_pipeline_dag.py for tasks to queue
[2026-06-24T23:19:28.984+0000] {logging_mixin.py:188} INFO - [2026-06-24T23:19:28.983+0000] {dagbag.py:540} INFO - Filling up the DagBag from /opt/airflow/dags/insurance_pipeline_dag.py
[2026-06-24T23:19:29.088+0000] {processor.py:840} INFO - DAG(s) 'insurance_pipeline' retrieved from /opt/airflow/dags/insurance_pipeline_dag.py
[2026-06-24T23:19:29.224+0000] {logging_mixin.py:188} INFO - [2026-06-24T23:19:29.223+0000] {dag.py:3096} INFO - Sync 1 DAGs
[2026-06-24T23:19:29.276+0000] {logging_mixin.py:188} INFO - [2026-06-24T23:19:29.276+0000] {dag.py:3954} INFO - Setting next_dagrun for insurance_pipeline to 2026-06-24 01:00:00+00:00, run_after=2026-06-25 01:00:00+00:00
[2026-06-24T23:19:29.341+0000] {processor.py:183} INFO - Processing /opt/airflow/dags/insurance_pipeline_dag.py took 0.407 seconds
[2026-06-24T23:19:59.560+0000] {processor.py:161} INFO - Started process (PID=1162) to work on /opt/airflow/dags/insurance_pipeline_dag.py
[2026-06-24T23:19:59.563+0000] {processor.py:830} INFO - Processing file /opt/airflow/dags/insurance_pipeline_dag.py for tasks to queue
[2026-06-24T23:19:59.571+0000] {logging_mixin.py:188} INFO - [2026-06-24T23:19:59.567+0000] {dagbag.py:540} INFO - Filling up the DagBag from /opt/airflow/dags/insurance_pipeline_dag.py
[2026-06-24T23:19:59.670+0000] {processor.py:840} INFO - DAG(s) 'insurance_pipeline' retrieved from /opt/airflow/dags/insurance_pipeline_dag.py
[2026-06-24T23:19:59.771+0000] {logging_mixin.py:188} INFO - [2026-06-24T23:19:59.771+0000] {dag.py:3096} INFO - Sync 1 DAGs
[2026-06-24T23:19:59.814+0000] {logging_mixin.py:188} INFO - [2026-06-24T23:19:59.814+0000] {dag.py:3954} INFO - Setting next_dagrun for insurance_pipeline to 2026-06-24 01:00:00+00:00, run_after=2026-06-25 01:00:00+00:00
[2026-06-24T23:19:59.863+0000] {processor.py:183} INFO - Processing /opt/airflow/dags/insurance_pipeline_dag.py took 0.326 seconds
[2026-06-24T23:20:30.124+0000] {processor.py:161} INFO - Started process (PID=1167) to work on /opt/airflow/dags/insurance_pipeline_dag.py
[2026-06-24T23:20:30.127+0000] {processor.py:830} INFO - Processing file /opt/airflow/dags/insurance_pipeline_dag.py for tasks to queue
[2026-06-24T23:20:30.133+0000] {logging_mixin.py:188} INFO - [2026-06-24T23:20:30.132+0000] {dagbag.py:540} INFO - Filling up the DagBag from /opt/airflow/dags/insurance_pipeline_dag.py
[2026-06-24T23:20:30.245+0000] {processor.py:840} INFO - DAG(s) 'insurance_pipeline' retrieved from /opt/airflow/dags/insurance_pipeline_dag.py
[2026-06-24T23:20:30.316+0000] {logging_mixin.py:188} INFO - [2026-06-24T23:20:30.315+0000] {dag.py:3096} INFO - Sync 1 DAGs
[2026-06-24T23:20:30.358+0000] {logging_mixin.py:188} INFO - [2026-06-24T23:20:30.357+0000] {dag.py:3954} INFO - Setting next_dagrun for insurance_pipeline to 2026-06-24 01:00:00+00:00, run_after=2026-06-25 01:00:00+00:00
[2026-06-24T23:20:30.395+0000] {processor.py:183} INFO - Processing /opt/airflow/dags/insurance_pipeline_dag.py took 0.308 seconds
[2026-06-24T23:21:00.651+0000] {processor.py:161} INFO - Started process (PID=1172) to work on /opt/airflow/dags/insurance_pipeline_dag.py
[2026-06-24T23:21:00.653+0000] {processor.py:830} INFO - Processing file /opt/airflow/dags/insurance_pipeline_dag.py for tasks to queue
[2026-06-24T23:21:00.658+0000] {logging_mixin.py:188} INFO - [2026-06-24T23:21:00.657+0000] {dagbag.py:540} INFO - Filling up the DagBag from /opt/airflow/dags/insurance_pipeline_dag.py
[2026-06-24T23:21:00.706+0000] {processor.py:840} INFO - DAG(s) 'insurance_pipeline' retrieved from /opt/airflow/dags/insurance_pipeline_dag.py
[2026-06-24T23:21:00.764+0000] {logging_mixin.py:188} INFO - [2026-06-24T23:21:00.763+0000] {dag.py:3096} INFO - Sync 1 DAGs
[2026-06-24T23:21:00.803+0000] {logging_mixin.py:188} INFO - [2026-06-24T23:21:00.802+0000] {dag.py:3954} INFO - Setting next_dagrun for insurance_pipeline to 2026-06-24 01:00:00+00:00, run_after=2026-06-25 01:00:00+00:00
[2026-06-24T23:21:00.837+0000] {processor.py:183} INFO - Processing /opt/airflow/dags/insurance_pipeline_dag.py took 0.199 seconds
[2026-06-24T23:21:31.023+0000] {processor.py:161} INFO - Started process (PID=1191) to work on /opt/airflow/dags/insurance_pipeline_dag.py
[2026-06-24T23:21:31.026+0000] {processor.py:830} INFO - Processing file /opt/airflow/dags/insurance_pipeline_dag.py for tasks to queue
[2026-06-24T23:21:31.032+0000] {logging_mixin.py:188} INFO - [2026-06-24T23:21:31.030+0000] {dagbag.py:540} INFO - Filling up the DagBag from /opt/airflow/dags/insurance_pipeline_dag.py
[2026-06-24T23:21:31.081+0000] {processor.py:840} INFO - DAG(s) 'insurance_pipeline' retrieved from /opt/airflow/dags/insurance_pipeline_dag.py
[2026-06-24T23:21:31.147+0000] {logging_mixin.py:188} INFO - [2026-06-24T23:21:31.147+0000] {dag.py:3096} INFO - Sync 1 DAGs
[2026-06-24T23:21:31.196+0000] {logging_mixin.py:188} INFO - [2026-06-24T23:21:31.196+0000] {dag.py:3954} INFO - Setting next_dagrun for insurance_pipeline to 2026-06-24 01:00:00+00:00, run_after=2026-06-25 01:00:00+00:00
[2026-06-24T23:21:31.250+0000] {processor.py:183} INFO - Processing /opt/airflow/dags/insurance_pipeline_dag.py took 0.246 seconds
[2026-06-24T23:22:01.883+0000] {processor.py:161} INFO - Started process (PID=1196) to work on /opt/airflow/dags/insurance_pipeline_dag.py
[2026-06-24T23:22:01.891+0000] {processor.py:830} INFO - Processing file /opt/airflow/dags/insurance_pipeline_dag.py for tasks to queue
[2026-06-24T23:22:01.901+0000] {logging_mixin.py:188} INFO - [2026-06-24T23:22:01.899+0000] {dagbag.py:540} INFO - Filling up the DagBag from /opt/airflow/dags/insurance_pipeline_dag.py
[2026-06-24T23:22:01.963+0000] {processor.py:840} INFO - DAG(s) 'insurance_pipeline' retrieved from /opt/airflow/dags/insurance_pipeline_dag.py
[2026-06-24T23:22:02.045+0000] {logging_mixin.py:188} INFO - [2026-06-24T23:22:02.044+0000] {dag.py:3096} INFO - Sync 1 DAGs
[2026-06-24T23:22:02.097+0000] {logging_mixin.py:188} INFO - [2026-06-24T23:22:02.096+0000] {dag.py:3954} INFO - Setting next_dagrun for insurance_pipeline to 2026-06-24 01:00:00+00:00, run_after=2026-06-25 01:00:00+00:00
[2026-06-24T23:22:02.144+0000] {processor.py:183} INFO - Processing /opt/airflow/dags/insurance_pipeline_dag.py took 0.320 seconds
[2026-06-24T23:22:33.240+0000] {processor.py:161} INFO - Started process (PID=1214) to work on /opt/airflow/dags/insurance_pipeline_dag.py
[2026-06-24T23:22:33.243+0000] {processor.py:830} INFO - Processing file /opt/airflow/dags/insurance_pipeline_dag.py for tasks to queue
[2026-06-24T23:22:33.247+0000] {logging_mixin.py:188} INFO - [2026-06-24T23:22:33.247+0000] {dagbag.py:540} INFO - Filling up the DagBag from /opt/airflow/dags/insurance_pipeline_dag.py
[2026-06-24T23:22:33.308+0000] {processor.py:840} INFO - DAG(s) 'insurance_pipeline' retrieved from /opt/airflow/dags/insurance_pipeline_dag.py
[2026-06-24T23:22:33.404+0000] {logging_mixin.py:188} INFO - [2026-06-24T23:22:33.403+0000] {dag.py:3096} INFO - Sync 1 DAGs
[2026-06-24T23:22:33.475+0000] {logging_mixin.py:188} INFO - [2026-06-24T23:22:33.474+0000] {dag.py:3954} INFO - Setting next_dagrun for insurance_pipeline to 2026-06-24 01:00:00+00:00, run_after=2026-06-25 01:00:00+00:00
[2026-06-24T23:22:33.537+0000] {processor.py:183} INFO - Processing /opt/airflow/dags/insurance_pipeline_dag.py took 0.333 seconds
[2026-06-24T23:23:04.206+0000] {processor.py:161} INFO - Started process (PID=1233) to work on /opt/airflow/dags/insurance_pipeline_dag.py
[2026-06-24T23:23:04.211+0000] {processor.py:830} INFO - Processing file /opt/airflow/dags/insurance_pipeline_dag.py for tasks to queue
[2026-06-24T23:23:04.217+0000] {logging_mixin.py:188} INFO - [2026-06-24T23:23:04.217+0000] {dagbag.py:540} INFO - Filling up the DagBag from /opt/airflow/dags/insurance_pipeline_dag.py
[2026-06-24T23:23:04.284+0000] {processor.py:840} INFO - DAG(s) 'insurance_pipeline' retrieved from /opt/airflow/dags/insurance_pipeline_dag.py
[2026-06-24T23:23:04.390+0000] {logging_mixin.py:188} INFO - [2026-06-24T23:23:04.389+0000] {dag.py:3096} INFO - Sync 1 DAGs
[2026-06-24T23:23:04.460+0000] {logging_mixin.py:188} INFO - [2026-06-24T23:23:04.460+0000] {dag.py:3954} INFO - Setting next_dagrun for insurance_pipeline to 2026-06-24 01:00:00+00:00, run_after=2026-06-25 01:00:00+00:00
[2026-06-24T23:23:04.539+0000] {processor.py:183} INFO - Processing /opt/airflow/dags/insurance_pipeline_dag.py took 0.358 seconds
[2026-06-24T23:23:35.276+0000] {processor.py:161} INFO - Started process (PID=1244) to work on /opt/airflow/dags/insurance_pipeline_dag.py
[2026-06-24T23:23:35.278+0000] {processor.py:830} INFO - Processing file /opt/airflow/dags/insurance_pipeline_dag.py for tasks to queue
[2026-06-24T23:23:35.283+0000] {logging_mixin.py:188} INFO - [2026-06-24T23:23:35.282+0000] {dagbag.py:540} INFO - Filling up the DagBag from /opt/airflow/dags/insurance_pipeline_dag.py
[2026-06-24T23:23:35.322+0000] {processor.py:840} INFO - DAG(s) 'insurance_pipeline' retrieved from /opt/airflow/dags/insurance_pipeline_dag.py
[2026-06-24T23:23:35.383+0000] {logging_mixin.py:188} INFO - [2026-06-24T23:23:35.382+0000] {dag.py:3096} INFO - Sync 1 DAGs
[2026-06-24T23:23:35.429+0000] {logging_mixin.py:188} INFO - [2026-06-24T23:23:35.428+0000] {dag.py:3954} INFO - Setting next_dagrun for insurance_pipeline to 2026-06-24 01:00:00+00:00, run_after=2026-06-25 01:00:00+00:00
[2026-06-24T23:23:35.501+0000] {processor.py:183} INFO - Processing /opt/airflow/dags/insurance_pipeline_dag.py took 0.238 seconds
[2026-06-24T23:24:06.012+0000] {processor.py:161} INFO - Started process (PID=1250) to work on /opt/airflow/dags/insurance_pipeline_dag.py
[2026-06-24T23:24:06.014+0000] {processor.py:830} INFO - Processing file /opt/airflow/dags/insurance_pipeline_dag.py for tasks to queue
[2026-06-24T23:24:06.018+0000] {logging_mixin.py:188} INFO - [2026-06-24T23:24:06.017+0000] {dagbag.py:540} INFO - Filling up the DagBag from /opt/airflow/dags/insurance_pipeline_dag.py
[2026-06-24T23:24:06.051+0000] {processor.py:840} INFO - DAG(s) 'insurance_pipeline' retrieved from /opt/airflow/dags/insurance_pipeline_dag.py
[2026-06-24T23:24:06.102+0000] {logging_mixin.py:188} INFO - [2026-06-24T23:24:06.102+0000] {dag.py:3096} INFO - Sync 1 DAGs
[2026-06-24T23:24:06.136+0000] {logging_mixin.py:188} INFO - [2026-06-24T23:24:06.135+0000] {dag.py:3954} INFO - Setting next_dagrun for insurance_pipeline to 2026-06-24 01:00:00+00:00, run_after=2026-06-25 01:00:00+00:00
[2026-06-24T23:24:06.168+0000] {processor.py:183} INFO - Processing /opt/airflow/dags/insurance_pipeline_dag.py took 0.168 seconds
[2026-06-24T23:24:36.622+0000] {processor.py:161} INFO - Started process (PID=1255) to work on /opt/airflow/dags/insurance_pipeline_dag.py
[2026-06-24T23:24:36.624+0000] {processor.py:830} INFO - Processing file /opt/airflow/dags/insurance_pipeline_dag.py for tasks to queue
[2026-06-24T23:24:36.627+0000] {logging_mixin.py:188} INFO - [2026-06-24T23:24:36.627+0000] {dagbag.py:540} INFO - Filling up the DagBag from /opt/airflow/dags/insurance_pipeline_dag.py
[2026-06-24T23:24:36.663+0000] {processor.py:840} INFO - DAG(s) 'insurance_pipeline' retrieved from /opt/airflow/dags/insurance_pipeline_dag.py
[2026-06-24T23:24:36.714+0000] {logging_mixin.py:188} INFO - [2026-06-24T23:24:36.713+0000] {dag.py:3096} INFO - Sync 1 DAGs
[2026-06-24T23:24:36.747+0000] {logging_mixin.py:188} INFO - [2026-06-24T23:24:36.747+0000] {dag.py:3954} INFO - Setting next_dagrun for insurance_pipeline to 2026-06-24 01:00:00+00:00, run_after=2026-06-25 01:00:00+00:00
[2026-06-24T23:24:36.781+0000] {processor.py:183} INFO - Processing /opt/airflow/dags/insurance_pipeline_dag.py took 0.171 seconds
[2026-06-24T23:25:07.477+0000] {processor.py:161} INFO - Started process (PID=1260) to work on /opt/airflow/dags/insurance_pipeline_dag.py
[2026-06-24T23:25:07.479+0000] {processor.py:830} INFO - Processing file /opt/airflow/dags/insurance_pipeline_dag.py for tasks to queue
[2026-06-24T23:25:07.482+0000] {logging_mixin.py:188} INFO - [2026-06-24T23:25:07.482+0000] {dagbag.py:540} INFO - Filling up the DagBag from /opt/airflow/dags/insurance_pipeline_dag.py
[2026-06-24T23:25:07.516+0000] {processor.py:840} INFO - DAG(s) 'insurance_pipeline' retrieved from /opt/airflow/dags/insurance_pipeline_dag.py
[2026-06-24T23:25:07.566+0000] {logging_mixin.py:188} INFO - [2026-06-24T23:25:07.566+0000] {dag.py:3096} INFO - Sync 1 DAGs
[2026-06-24T23:25:07.597+0000] {logging_mixin.py:188} INFO - [2026-06-24T23:25:07.597+0000] {dag.py:3954} INFO - Setting next_dagrun for insurance_pipeline to 2026-06-24 01:00:00+00:00, run_after=2026-06-25 01:00:00+00:00
[2026-06-24T23:25:07.633+0000] {processor.py:183} INFO - Processing /opt/airflow/dags/insurance_pipeline_dag.py took 0.168 seconds
[2026-06-24T23:25:38.287+0000] {processor.py:161} INFO - Started process (PID=1265) to work on /opt/airflow/dags/insurance_pipeline_dag.py
[2026-06-24T23:25:38.290+0000] {processor.py:830} INFO - Processing file /opt/airflow/dags/insurance_pipeline_dag.py for tasks to queue
[2026-06-24T23:25:38.297+0000] {logging_mixin.py:188} INFO - [2026-06-24T23:25:38.296+0000] {dagbag.py:540} INFO - Filling up the DagBag from /opt/airflow/dags/insurance_pipeline_dag.py
[2026-06-24T23:25:38.361+0000] {processor.py:840} INFO - DAG(s) 'insurance_pipeline' retrieved from /opt/airflow/dags/insurance_pipeline_dag.py
[2026-06-24T23:25:38.426+0000] {logging_mixin.py:188} INFO - [2026-06-24T23:25:38.426+0000] {dag.py:3096} INFO - Sync 1 DAGs
[2026-06-24T23:25:38.473+0000] {logging_mixin.py:188} INFO - [2026-06-24T23:25:38.473+0000] {dag.py:3954} INFO - Setting next_dagrun for insurance_pipeline to 2026-06-24 01:00:00+00:00, run_after=2026-06-25 01:00:00+00:00
[2026-06-24T23:25:38.515+0000] {processor.py:183} INFO - Processing /opt/airflow/dags/insurance_pipeline_dag.py took 0.273 seconds
[2026-06-24T23:26:09.032+0000] {processor.py:161} INFO - Started process (PID=1270) to work on /opt/airflow/dags/insurance_pipeline_dag.py
[2026-06-24T23:26:09.034+0000] {processor.py:830} INFO - Processing file /opt/airflow/dags/insurance_pipeline_dag.py for tasks to queue
[2026-06-24T23:26:09.039+0000] {logging_mixin.py:188} INFO - [2026-06-24T23:26:09.038+0000] {dagbag.py:540} INFO - Filling up the DagBag from /opt/airflow/dags/insurance_pipeline_dag.py
[2026-06-24T23:26:09.082+0000] {processor.py:840} INFO - DAG(s) 'insurance_pipeline' retrieved from /opt/airflow/dags/insurance_pipeline_dag.py
[2026-06-24T23:26:09.140+0000] {logging_mixin.py:188} INFO - [2026-06-24T23:26:09.139+0000] {dag.py:3096} INFO - Sync 1 DAGs
[2026-06-24T23:26:09.178+0000] {logging_mixin.py:188} INFO - [2026-06-24T23:26:09.178+0000] {dag.py:3954} INFO - Setting next_dagrun for insurance_pipeline to 2026-06-24 01:00:00+00:00, run_after=2026-06-25 01:00:00+00:00
[2026-06-24T23:26:09.214+0000] {processor.py:183} INFO - Processing /opt/airflow/dags/insurance_pipeline_dag.py took 0.203 seconds
[2026-06-24T23:26:39.871+0000] {processor.py:161} INFO - Started process (PID=1275) to work on /opt/airflow/dags/insurance_pipeline_dag.py
[2026-06-24T23:26:39.873+0000] {processor.py:830} INFO - Processing file /opt/airflow/dags/insurance_pipeline_dag.py for tasks to queue
[2026-06-24T23:26:39.876+0000] {logging_mixin.py:188} INFO - [2026-06-24T23:26:39.875+0000] {dagbag.py:540} INFO - Filling up the DagBag from /opt/airflow/dags/insurance_pipeline_dag.py
[2026-06-24T23:26:39.930+0000] {processor.py:840} INFO - DAG(s) 'insurance_pipeline' retrieved from /opt/airflow/dags/insurance_pipeline_dag.py
[2026-06-24T23:26:39.998+0000] {logging_mixin.py:188} INFO - [2026-06-24T23:26:39.997+0000] {dag.py:3096} INFO - Sync 1 DAGs
[2026-06-24T23:26:40.052+0000] {logging_mixin.py:188} INFO - [2026-06-24T23:26:40.052+0000] {dag.py:3954} INFO - Setting next_dagrun for insurance_pipeline to 2026-06-24 01:00:00+00:00, run_after=2026-06-25 01:00:00+00:00
[2026-06-24T23:26:40.090+0000] {processor.py:183} INFO - Processing /opt/airflow/dags/insurance_pipeline_dag.py took 0.230 seconds
[2026-06-24T23:27:10.532+0000] {processor.py:161} INFO - Started process (PID=1280) to work on /opt/airflow/dags/insurance_pipeline_dag.py
[2026-06-24T23:27:10.534+0000] {processor.py:830} INFO - Processing file /opt/airflow/dags/insurance_pipeline_dag.py for tasks to queue
[2026-06-24T23:27:10.537+0000] {logging_mixin.py:188} INFO - [2026-06-24T23:27:10.537+0000] {dagbag.py:540} INFO - Filling up the DagBag from /opt/airflow/dags/insurance_pipeline_dag.py
[2026-06-24T23:27:10.574+0000] {processor.py:840} INFO - DAG(s) 'insurance_pipeline' retrieved from /opt/airflow/dags/insurance_pipeline_dag.py
[2026-06-24T23:27:10.625+0000] {logging_mixin.py:188} INFO - [2026-06-24T23:27:10.625+0000] {dag.py:3096} INFO - Sync 1 DAGs
[2026-06-24T23:27:10.662+0000] {logging_mixin.py:188} INFO - [2026-06-24T23:27:10.662+0000] {dag.py:3954} INFO - Setting next_dagrun for insurance_pipeline to 2026-06-24 01:00:00+00:00, run_after=2026-06-25 01:00:00+00:00
[2026-06-24T23:27:10.705+0000] {processor.py:183} INFO - Processing /opt/airflow/dags/insurance_pipeline_dag.py took 0.186 seconds
[2026-06-24T23:27:41.173+0000] {processor.py:161} INFO - Started process (PID=1285) to work on /opt/airflow/dags/insurance_pipeline_dag.py
[2026-06-24T23:27:41.176+0000] {processor.py:830} INFO - Processing file /opt/airflow/dags/insurance_pipeline_dag.py for tasks to queue
[2026-06-24T23:27:41.180+0000] {logging_mixin.py:188} INFO - [2026-06-24T23:27:41.179+0000] {dagbag.py:540} INFO - Filling up the DagBag from /opt/airflow/dags/insurance_pipeline_dag.py
[2026-06-24T23:27:41.221+0000] {processor.py:840} INFO - DAG(s) 'insurance_pipeline' retrieved from /opt/airflow/dags/insurance_pipeline_dag.py
[2026-06-24T23:27:41.274+0000] {logging_mixin.py:188} INFO - [2026-06-24T23:27:41.273+0000] {dag.py:3096} INFO - Sync 1 DAGs
[2026-06-24T23:27:41.304+0000] {logging_mixin.py:188} INFO - [2026-06-24T23:27:41.304+0000] {dag.py:3954} INFO - Setting next_dagrun for insurance_pipeline to 2026-06-24 01:00:00+00:00, run_after=2026-06-25 01:00:00+00:00
[2026-06-24T23:27:41.335+0000] {processor.py:183} INFO - Processing /opt/airflow/dags/insurance_pipeline_dag.py took 0.176 seconds
[2026-06-24T23:28:11.979+0000] {processor.py:161} INFO - Started process (PID=1290) to work on /opt/airflow/dags/insurance_pipeline_dag.py
[2026-06-24T23:28:11.980+0000] {processor.py:830} INFO - Processing file /opt/airflow/dags/insurance_pipeline_dag.py for tasks to queue
[2026-06-24T23:28:11.983+0000] {logging_mixin.py:188} INFO - [2026-06-24T23:28:11.982+0000] {dagbag.py:540} INFO - Filling up the DagBag from /opt/airflow/dags/insurance_pipeline_dag.py
[2026-06-24T23:28:12.020+0000] {processor.py:840} INFO - DAG(s) 'insurance_pipeline' retrieved from /opt/airflow/dags/insurance_pipeline_dag.py
[2026-06-24T23:28:12.069+0000] {logging_mixin.py:188} INFO - [2026-06-24T23:28:12.069+0000] {dag.py:3096} INFO - Sync 1 DAGs
[2026-06-24T23:28:12.100+0000] {logging_mixin.py:188} INFO - [2026-06-24T23:28:12.100+0000] {dag.py:3954} INFO - Setting next_dagrun for insurance_pipeline to 2026-06-24 01:00:00+00:00, run_after=2026-06-25 01:00:00+00:00
[2026-06-24T23:28:12.143+0000] {processor.py:183} INFO - Processing /opt/airflow/dags/insurance_pipeline_dag.py took 0.176 seconds
[2026-06-24T23:28:42.630+0000] {processor.py:161} INFO - Started process (PID=1295) to work on /opt/airflow/dags/insurance_pipeline_dag.py
[2026-06-24T23:28:42.633+0000] {processor.py:830} INFO - Processing file /opt/airflow/dags/insurance_pipeline_dag.py for tasks to queue
[2026-06-24T23:28:42.636+0000] {logging_mixin.py:188} INFO - [2026-06-24T23:28:42.636+0000] {dagbag.py:540} INFO - Filling up the DagBag from /opt/airflow/dags/insurance_pipeline_dag.py
[2026-06-24T23:28:42.675+0000] {processor.py:840} INFO - DAG(s) 'insurance_pipeline' retrieved from /opt/airflow/dags/insurance_pipeline_dag.py
[2026-06-24T23:28:42.728+0000] {logging_mixin.py:188} INFO - [2026-06-24T23:28:42.727+0000] {dag.py:3096} INFO - Sync 1 DAGs
[2026-06-24T23:28:42.762+0000] {logging_mixin.py:188} INFO - [2026-06-24T23:28:42.762+0000] {dag.py:3954} INFO - Setting next_dagrun for insurance_pipeline to 2026-06-24 01:00:00+00:00, run_after=2026-06-25 01:00:00+00:00
[2026-06-24T23:28:42.804+0000] {processor.py:183} INFO - Processing /opt/airflow/dags/insurance_pipeline_dag.py took 0.186 seconds
[2026-06-24T23:29:13.480+0000] {processor.py:161} INFO - Started process (PID=1300) to work on /opt/airflow/dags/insurance_pipeline_dag.py
[2026-06-24T23:29:13.482+0000] {processor.py:830} INFO - Processing file /opt/airflow/dags/insurance_pipeline_dag.py for tasks to queue
[2026-06-24T23:29:13.486+0000] {logging_mixin.py:188} INFO - [2026-06-24T23:29:13.486+0000] {dagbag.py:540} INFO - Filling up the DagBag from /opt/airflow/dags/insurance_pipeline_dag.py
[2026-06-24T23:29:13.525+0000] {processor.py:840} INFO - DAG(s) 'insurance_pipeline' retrieved from /opt/airflow/dags/insurance_pipeline_dag.py
[2026-06-24T23:29:13.594+0000] {logging_mixin.py:188} INFO - [2026-06-24T23:29:13.594+0000] {dag.py:3096} INFO - Sync 1 DAGs
[2026-06-24T23:29:13.641+0000] {logging_mixin.py:188} INFO - [2026-06-24T23:29:13.641+0000] {dag.py:3954} INFO - Setting next_dagrun for insurance_pipeline to 2026-06-24 01:00:00+00:00, run_after=2026-06-25 01:00:00+00:00
[2026-06-24T23:29:13.690+0000] {processor.py:183} INFO - Processing /opt/airflow/dags/insurance_pipeline_dag.py took 0.227 seconds
[2026-06-24T23:29:44.116+0000] {processor.py:161} INFO - Started process (PID=1305) to work on /opt/airflow/dags/insurance_pipeline_dag.py
[2026-06-24T23:29:44.118+0000] {processor.py:830} INFO - Processing file /opt/airflow/dags/insurance_pipeline_dag.py for tasks to queue
[2026-06-24T23:29:44.120+0000] {logging_mixin.py:188} INFO - [2026-06-24T23:29:44.120+0000] {dagbag.py:540} INFO - Filling up the DagBag from /opt/airflow/dags/insurance_pipeline_dag.py
[2026-06-24T23:29:44.158+0000] {processor.py:840} INFO - DAG(s) 'insurance_pipeline' retrieved from /opt/airflow/dags/insurance_pipeline_dag.py
[2026-06-24T23:29:44.210+0000] {logging_mixin.py:188} INFO - [2026-06-24T23:29:44.210+0000] {dag.py:3096} INFO - Sync 1 DAGs
[2026-06-24T23:29:44.244+0000] {logging_mixin.py:188} INFO - [2026-06-24T23:29:44.244+0000] {dag.py:3954} INFO - Setting next_dagrun for insurance_pipeline to 2026-06-24 01:00:00+00:00, run_after=2026-06-25 01:00:00+00:00
[2026-06-24T23:29:44.281+0000] {processor.py:183} INFO - Processing /opt/airflow/dags/insurance_pipeline_dag.py took 0.177 seconds
[2026-06-24T23:30:14.958+0000] {processor.py:161} INFO - Started process (PID=1310) to work on /opt/airflow/dags/insurance_pipeline_dag.py
[2026-06-24T23:30:14.960+0000] {processor.py:830} INFO - Processing file /opt/airflow/dags/insurance_pipeline_dag.py for tasks to queue
[2026-06-24T23:30:14.965+0000] {logging_mixin.py:188} INFO - [2026-06-24T23:30:14.963+0000] {dagbag.py:540} INFO - Filling up the DagBag from /opt/airflow/dags/insurance_pipeline_dag.py
[2026-06-24T23:30:14.999+0000] {processor.py:840} INFO - DAG(s) 'insurance_pipeline' retrieved from /opt/airflow/dags/insurance_pipeline_dag.py
[2026-06-24T23:30:15.048+0000] {logging_mixin.py:188} INFO - [2026-06-24T23:30:15.048+0000] {dag.py:3096} INFO - Sync 1 DAGs
[2026-06-24T23:30:15.082+0000] {logging_mixin.py:188} INFO - [2026-06-24T23:30:15.082+0000] {dag.py:3954} INFO - Setting next_dagrun for insurance_pipeline to 2026-06-24 01:00:00+00:00, run_after=2026-06-25 01:00:00+00:00
[2026-06-24T23:30:15.114+0000] {processor.py:183} INFO - Processing /opt/airflow/dags/insurance_pipeline_dag.py took 0.168 seconds
[2026-06-24T23:30:45.674+0000] {processor.py:161} INFO - Started process (PID=1315) to work on /opt/airflow/dags/insurance_pipeline_dag.py
[2026-06-24T23:30:45.676+0000] {processor.py:830} INFO - Processing file /opt/airflow/dags/insurance_pipeline_dag.py for tasks to queue
[2026-06-24T23:30:45.678+0000] {logging_mixin.py:188} INFO - [2026-06-24T23:30:45.678+0000] {dagbag.py:540} INFO - Filling up the DagBag from /opt/airflow/dags/insurance_pipeline_dag.py
[2026-06-24T23:30:45.713+0000] {processor.py:840} INFO - DAG(s) 'insurance_pipeline' retrieved from /opt/airflow/dags/insurance_pipeline_dag.py
[2026-06-24T23:30:45.766+0000] {logging_mixin.py:188} INFO - [2026-06-24T23:30:45.766+0000] {dag.py:3096} INFO - Sync 1 DAGs
[2026-06-24T23:30:45.801+0000] {logging_mixin.py:188} INFO - [2026-06-24T23:30:45.801+0000] {dag.py:3954} INFO - Setting next_dagrun for insurance_pipeline to 2026-06-24 01:00:00+00:00, run_after=2026-06-25 01:00:00+00:00
[2026-06-24T23:30:45.833+0000] {processor.py:183} INFO - Processing /opt/airflow/dags/insurance_pipeline_dag.py took 0.170 seconds
[2026-06-24T23:31:16.368+0000] {processor.py:161} INFO - Started process (PID=1320) to work on /opt/airflow/dags/insurance_pipeline_dag.py
[2026-06-24T23:31:16.371+0000] {processor.py:830} INFO - Processing file /opt/airflow/dags/insurance_pipeline_dag.py for tasks to queue
[2026-06-24T23:31:16.374+0000] {logging_mixin.py:188} INFO - [2026-06-24T23:31:16.373+0000] {dagbag.py:540} INFO - Filling up the DagBag from /opt/airflow/dags/insurance_pipeline_dag.py
[2026-06-24T23:31:16.409+0000] {processor.py:840} INFO - DAG(s) 'insurance_pipeline' retrieved from /opt/airflow/dags/insurance_pipeline_dag.py
[2026-06-24T23:31:16.461+0000] {logging_mixin.py:188} INFO - [2026-06-24T23:31:16.460+0000] {dag.py:3096} INFO - Sync 1 DAGs
[2026-06-24T23:31:16.496+0000] {logging_mixin.py:188} INFO - [2026-06-24T23:31:16.495+0000] {dag.py:3954} INFO - Setting next_dagrun for insurance_pipeline to 2026-06-24 01:00:00+00:00, run_after=2026-06-25 01:00:00+00:00
[2026-06-24T23:31:16.526+0000] {processor.py:183} INFO - Processing /opt/airflow/dags/insurance_pipeline_dag.py took 0.169 seconds
[2026-06-24T23:31:47.049+0000] {processor.py:161} INFO - Started process (PID=1325) to work on /opt/airflow/dags/insurance_pipeline_dag.py
[2026-06-24T23:31:47.051+0000] {processor.py:830} INFO - Processing file /opt/airflow/dags/insurance_pipeline_dag.py for tasks to queue
[2026-06-24T23:31:47.054+0000] {logging_mixin.py:188} INFO - [2026-06-24T23:31:47.053+0000] {dagbag.py:540} INFO - Filling up the DagBag from /opt/airflow/dags/insurance_pipeline_dag.py
[2026-06-24T23:31:47.087+0000] {processor.py:840} INFO - DAG(s) 'insurance_pipeline' retrieved from /opt/airflow/dags/insurance_pipeline_dag.py
[2026-06-24T23:31:47.140+0000] {logging_mixin.py:188} INFO - [2026-06-24T23:31:47.140+0000] {dag.py:3096} INFO - Sync 1 DAGs
[2026-06-24T23:31:47.177+0000] {logging_mixin.py:188} INFO - [2026-06-24T23:31:47.177+0000] {dag.py:3954} INFO - Setting next_dagrun for insurance_pipeline to 2026-06-24 01:00:00+00:00, run_after=2026-06-25 01:00:00+00:00
[2026-06-24T23:31:47.211+0000] {processor.py:183} INFO - Processing /opt/airflow/dags/insurance_pipeline_dag.py took 0.174 seconds
[2026-06-24T23:32:17.824+0000] {processor.py:161} INFO - Started process (PID=1330) to work on /opt/airflow/dags/insurance_pipeline_dag.py
[2026-06-24T23:32:17.826+0000] {processor.py:830} INFO - Processing file /opt/airflow/dags/insurance_pipeline_dag.py for tasks to queue
[2026-06-24T23:32:17.830+0000] {logging_mixin.py:188} INFO - [2026-06-24T23:32:17.829+0000] {dagbag.py:540} INFO - Filling up the DagBag from /opt/airflow/dags/insurance_pipeline_dag.py
[2026-06-24T23:32:17.865+0000] {processor.py:840} INFO - DAG(s) 'insurance_pipeline' retrieved from /opt/airflow/dags/insurance_pipeline_dag.py
[2026-06-24T23:32:17.915+0000] {logging_mixin.py:188} INFO - [2026-06-24T23:32:17.915+0000] {dag.py:3096} INFO - Sync 1 DAGs
[2026-06-24T23:32:17.951+0000] {logging_mixin.py:188} INFO - [2026-06-24T23:32:17.951+0000] {dag.py:3954} INFO - Setting next_dagrun for insurance_pipeline to 2026-06-24 01:00:00+00:00, run_after=2026-06-25 01:00:00+00:00
[2026-06-24T23:32:17.986+0000] {processor.py:183} INFO - Processing /opt/airflow/dags/insurance_pipeline_dag.py took 0.175 seconds
[2026-06-24T23:32:48.466+0000] {processor.py:161} INFO - Started process (PID=1335) to work on /opt/airflow/dags/insurance_pipeline_dag.py
[2026-06-24T23:32:48.468+0000] {processor.py:830} INFO - Processing file /opt/airflow/dags/insurance_pipeline_dag.py for tasks to queue
[2026-06-24T23:32:48.471+0000] {logging_mixin.py:188} INFO - [2026-06-24T23:32:48.470+0000] {dagbag.py:540} INFO - Filling up the DagBag from /opt/airflow/dags/insurance_pipeline_dag.py
[2026-06-24T23:32:48.505+0000] {processor.py:840} INFO - DAG(s) 'insurance_pipeline' retrieved from /opt/airflow/dags/insurance_pipeline_dag.py
[2026-06-24T23:32:48.554+0000] {logging_mixin.py:188} INFO - [2026-06-24T23:32:48.553+0000] {dag.py:3096} INFO - Sync 1 DAGs
[2026-06-24T23:32:48.585+0000] {logging_mixin.py:188} INFO - [2026-06-24T23:32:48.585+0000] {dag.py:3954} INFO - Setting next_dagrun for insurance_pipeline to 2026-06-24 01:00:00+00:00, run_after=2026-06-25 01:00:00+00:00
[2026-06-24T23:32:48.616+0000] {processor.py:183} INFO - Processing /opt/airflow/dags/insurance_pipeline_dag.py took 0.161 seconds
[2026-06-24T23:33:19.621+0000] {processor.py:161} INFO - Started process (PID=1340) to work on /opt/airflow/dags/insurance_pipeline_dag.py
[2026-06-24T23:33:19.623+0000] {processor.py:830} INFO - Processing file /opt/airflow/dags/insurance_pipeline_dag.py for tasks to queue
[2026-06-24T23:33:19.627+0000] {logging_mixin.py:188} INFO - [2026-06-24T23:33:19.627+0000] {dagbag.py:540} INFO - Filling up the DagBag from /opt/airflow/dags/insurance_pipeline_dag.py
[2026-06-24T23:33:19.685+0000] {processor.py:840} INFO - DAG(s) 'insurance_pipeline' retrieved from /opt/airflow/dags/insurance_pipeline_dag.py
[2026-06-24T23:33:19.749+0000] {logging_mixin.py:188} INFO - [2026-06-24T23:33:19.748+0000] {dag.py:3096} INFO - Sync 1 DAGs
[2026-06-24T23:33:19.802+0000] {logging_mixin.py:188} INFO - [2026-06-24T23:33:19.801+0000] {dag.py:3954} INFO - Setting next_dagrun for insurance_pipeline to 2026-06-24 01:00:00+00:00, run_after=2026-06-25 01:00:00+00:00
[2026-06-24T23:33:19.829+0000] {processor.py:183} INFO - Processing /opt/airflow/dags/insurance_pipeline_dag.py took 0.224 seconds
[2026-06-24T23:33:50.247+0000] {processor.py:161} INFO - Started process (PID=1345) to work on /opt/airflow/dags/insurance_pipeline_dag.py
[2026-06-24T23:33:50.249+0000] {processor.py:830} INFO - Processing file /opt/airflow/dags/insurance_pipeline_dag.py for tasks to queue
[2026-06-24T23:33:50.253+0000] {logging_mixin.py:188} INFO - [2026-06-24T23:33:50.252+0000] {dagbag.py:540} INFO - Filling up the DagBag from /opt/airflow/dags/insurance_pipeline_dag.py
[2026-06-24T23:33:50.314+0000] {processor.py:840} INFO - DAG(s) 'insurance_pipeline' retrieved from /opt/airflow/dags/insurance_pipeline_dag.py
[2026-06-24T23:33:50.370+0000] {logging_mixin.py:188} INFO - [2026-06-24T23:33:50.370+0000] {dag.py:3096} INFO - Sync 1 DAGs
[2026-06-24T23:33:50.404+0000] {logging_mixin.py:188} INFO - [2026-06-24T23:33:50.404+0000] {dag.py:3954} INFO - Setting next_dagrun for insurance_pipeline to 2026-06-24 01:00:00+00:00, run_after=2026-06-25 01:00:00+00:00
[2026-06-24T23:33:50.440+0000] {processor.py:183} INFO - Processing /opt/airflow/dags/insurance_pipeline_dag.py took 0.208 seconds
[2026-06-24T23:34:21.019+0000] {processor.py:161} INFO - Started process (PID=1350) to work on /opt/airflow/dags/insurance_pipeline_dag.py
[2026-06-24T23:34:21.021+0000] {processor.py:830} INFO - Processing file /opt/airflow/dags/insurance_pipeline_dag.py for tasks to queue
[2026-06-24T23:34:21.025+0000] {logging_mixin.py:188} INFO - [2026-06-24T23:34:21.024+0000] {dagbag.py:540} INFO - Filling up the DagBag from /opt/airflow/dags/insurance_pipeline_dag.py
[2026-06-24T23:34:21.059+0000] {processor.py:840} INFO - DAG(s) 'insurance_pipeline' retrieved from /opt/airflow/dags/insurance_pipeline_dag.py
[2026-06-24T23:34:21.109+0000] {logging_mixin.py:188} INFO - [2026-06-24T23:34:21.109+0000] {dag.py:3096} INFO - Sync 1 DAGs
[2026-06-24T23:34:21.142+0000] {logging_mixin.py:188} INFO - [2026-06-24T23:34:21.142+0000] {dag.py:3954} INFO - Setting next_dagrun for insurance_pipeline to 2026-06-24 01:00:00+00:00, run_after=2026-06-25 01:00:00+00:00
[2026-06-24T23:34:21.171+0000] {processor.py:183} INFO - Processing /opt/airflow/dags/insurance_pipeline_dag.py took 0.164 seconds
[2026-06-24T23:34:51.694+0000] {processor.py:161} INFO - Started process (PID=1355) to work on /opt/airflow/dags/insurance_pipeline_dag.py
[2026-06-24T23:34:51.696+0000] {processor.py:830} INFO - Processing file /opt/airflow/dags/insurance_pipeline_dag.py for tasks to queue
[2026-06-24T23:34:51.700+0000] {logging_mixin.py:188} INFO - [2026-06-24T23:34:51.699+0000] {dagbag.py:540} INFO - Filling up the DagBag from /opt/airflow/dags/insurance_pipeline_dag.py
[2026-06-24T23:34:51.750+0000] {processor.py:840} INFO - DAG(s) 'insurance_pipeline' retrieved from /opt/airflow/dags/insurance_pipeline_dag.py
[2026-06-24T23:34:51.831+0000] {logging_mixin.py:188} INFO - [2026-06-24T23:34:51.830+0000] {dag.py:3096} INFO - Sync 1 DAGs
[2026-06-24T23:34:51.886+0000] {logging_mixin.py:188} INFO - [2026-06-24T23:34:51.885+0000] {dag.py:3954} INFO - Setting next_dagrun for insurance_pipeline to 2026-06-24 01:00:00+00:00, run_after=2026-06-25 01:00:00+00:00
[2026-06-24T23:34:51.938+0000] {processor.py:183} INFO - Processing /opt/airflow/dags/insurance_pipeline_dag.py took 0.260 seconds
[2026-06-24T23:35:22.473+0000] {processor.py:161} INFO - Started process (PID=1360) to work on /opt/airflow/dags/insurance_pipeline_dag.py
[2026-06-24T23:35:22.475+0000] {processor.py:830} INFO - Processing file /opt/airflow/dags/insurance_pipeline_dag.py for tasks to queue
[2026-06-24T23:35:22.479+0000] {logging_mixin.py:188} INFO - [2026-06-24T23:35:22.478+0000] {dagbag.py:540} INFO - Filling up the DagBag from /opt/airflow/dags/insurance_pipeline_dag.py
[2026-06-24T23:35:22.523+0000] {processor.py:840} INFO - DAG(s) 'insurance_pipeline' retrieved from /opt/airflow/dags/insurance_pipeline_dag.py
[2026-06-24T23:35:22.580+0000] {logging_mixin.py:188} INFO - [2026-06-24T23:35:22.580+0000] {dag.py:3096} INFO - Sync 1 DAGs
[2026-06-24T23:35:22.617+0000] {logging_mixin.py:188} INFO - [2026-06-24T23:35:22.616+0000] {dag.py:3954} INFO - Setting next_dagrun for insurance_pipeline to 2026-06-24 01:00:00+00:00, run_after=2026-06-25 01:00:00+00:00
[2026-06-24T23:35:22.659+0000] {processor.py:183} INFO - Processing /opt/airflow/dags/insurance_pipeline_dag.py took 0.203 seconds
[2026-06-24T23:35:53.282+0000] {processor.py:161} INFO - Started process (PID=1365) to work on /opt/airflow/dags/insurance_pipeline_dag.py
[2026-06-24T23:35:53.284+0000] {processor.py:830} INFO - Processing file /opt/airflow/dags/insurance_pipeline_dag.py for tasks to queue
[2026-06-24T23:35:53.287+0000] {logging_mixin.py:188} INFO - [2026-06-24T23:35:53.287+0000] {dagbag.py:540} INFO - Filling up the DagBag from /opt/airflow/dags/insurance_pipeline_dag.py
[2026-06-24T23:35:53.328+0000] {processor.py:840} INFO - DAG(s) 'insurance_pipeline' retrieved from /opt/airflow/dags/insurance_pipeline_dag.py
[2026-06-24T23:35:53.388+0000] {logging_mixin.py:188} INFO - [2026-06-24T23:35:53.388+0000] {dag.py:3096} INFO - Sync 1 DAGs
[2026-06-24T23:35:53.439+0000] {logging_mixin.py:188} INFO - [2026-06-24T23:35:53.439+0000] {dag.py:3954} INFO - Setting next_dagrun for insurance_pipeline to 2026-06-24 01:00:00+00:00, run_after=2026-06-25 01:00:00+00:00
[2026-06-24T23:35:53.477+0000] {processor.py:183} INFO - Processing /opt/airflow/dags/insurance_pipeline_dag.py took 0.207 seconds
[2026-06-24T23:36:23.986+0000] {processor.py:161} INFO - Started process (PID=1370) to work on /opt/airflow/dags/insurance_pipeline_dag.py
[2026-06-24T23:36:23.989+0000] {processor.py:830} INFO - Processing file /opt/airflow/dags/insurance_pipeline_dag.py for tasks to queue
[2026-06-24T23:36:23.993+0000] {logging_mixin.py:188} INFO - [2026-06-24T23:36:23.992+0000] {dagbag.py:540} INFO - Filling up the DagBag from /opt/airflow/dags/insurance_pipeline_dag.py
[2026-06-24T23:36:24.073+0000] {processor.py:840} INFO - DAG(s) 'insurance_pipeline' retrieved from /opt/airflow/dags/insurance_pipeline_dag.py
[2026-06-24T23:36:24.151+0000] {logging_mixin.py:188} INFO - [2026-06-24T23:36:24.151+0000] {dag.py:3096} INFO - Sync 1 DAGs
[2026-06-24T23:36:24.205+0000] {logging_mixin.py:188} INFO - [2026-06-24T23:36:24.205+0000] {dag.py:3954} INFO - Setting next_dagrun for insurance_pipeline to 2026-06-24 01:00:00+00:00, run_after=2026-06-25 01:00:00+00:00
[2026-06-24T23:36:24.260+0000] {processor.py:183} INFO - Processing /opt/airflow/dags/insurance_pipeline_dag.py took 0.294 seconds
[2026-06-24T23:36:54.780+0000] {processor.py:161} INFO - Started process (PID=1375) to work on /opt/airflow/dags/insurance_pipeline_dag.py
[2026-06-24T23:36:54.782+0000] {processor.py:830} INFO - Processing file /opt/airflow/dags/insurance_pipeline_dag.py for tasks to queue
[2026-06-24T23:36:54.785+0000] {logging_mixin.py:188} INFO - [2026-06-24T23:36:54.785+0000] {dagbag.py:540} INFO - Filling up the DagBag from /opt/airflow/dags/insurance_pipeline_dag.py
[2026-06-24T23:36:54.834+0000] {processor.py:840} INFO - DAG(s) 'insurance_pipeline' retrieved from /opt/airflow/dags/insurance_pipeline_dag.py
[2026-06-24T23:36:54.899+0000] {logging_mixin.py:188} INFO - [2026-06-24T23:36:54.898+0000] {dag.py:3096} INFO - Sync 1 DAGs
[2026-06-24T23:36:54.947+0000] {logging_mixin.py:188} INFO - [2026-06-24T23:36:54.947+0000] {dag.py:3954} INFO - Setting next_dagrun for insurance_pipeline to 2026-06-24 01:00:00+00:00, run_after=2026-06-25 01:00:00+00:00
[2026-06-24T23:36:54.988+0000] {processor.py:183} INFO - Processing /opt/airflow/dags/insurance_pipeline_dag.py took 0.223 seconds
[2026-06-24T23:37:25.531+0000] {processor.py:161} INFO - Started process (PID=1380) to work on /opt/airflow/dags/insurance_pipeline_dag.py
[2026-06-24T23:37:25.533+0000] {processor.py:830} INFO - Processing file /opt/airflow/dags/insurance_pipeline_dag.py for tasks to queue
[2026-06-24T23:37:25.538+0000] {logging_mixin.py:188} INFO - [2026-06-24T23:37:25.537+0000] {dagbag.py:540} INFO - Filling up the DagBag from /opt/airflow/dags/insurance_pipeline_dag.py
[2026-06-24T23:37:25.579+0000] {processor.py:840} INFO - DAG(s) 'insurance_pipeline' retrieved from /opt/airflow/dags/insurance_pipeline_dag.py
[2026-06-24T23:37:25.632+0000] {logging_mixin.py:188} INFO - [2026-06-24T23:37:25.632+0000] {dag.py:3096} INFO - Sync 1 DAGs
[2026-06-24T23:37:25.698+0000] {logging_mixin.py:188} INFO - [2026-06-24T23:37:25.697+0000] {dag.py:3954} INFO - Setting next_dagrun for insurance_pipeline to 2026-06-24 01:00:00+00:00, run_after=2026-06-25 01:00:00+00:00
[2026-06-24T23:37:25.752+0000] {processor.py:183} INFO - Processing /opt/airflow/dags/insurance_pipeline_dag.py took 0.237 seconds
[2026-06-24T23:37:56.163+0000] {processor.py:161} INFO - Started process (PID=1385) to work on /opt/airflow/dags/insurance_pipeline_dag.py
[2026-06-24T23:37:56.165+0000] {processor.py:830} INFO - Processing file /opt/airflow/dags/insurance_pipeline_dag.py for tasks to queue
[2026-06-24T23:37:56.168+0000] {logging_mixin.py:188} INFO - [2026-06-24T23:37:56.167+0000] {dagbag.py:540} INFO - Filling up the DagBag from /opt/airflow/dags/insurance_pipeline_dag.py
[2026-06-24T23:37:56.207+0000] {processor.py:840} INFO - DAG(s) 'insurance_pipeline' retrieved from /opt/airflow/dags/insurance_pipeline_dag.py
[2026-06-24T23:37:56.263+0000] {logging_mixin.py:188} INFO - [2026-06-24T23:37:56.262+0000] {dag.py:3096} INFO - Sync 1 DAGs
[2026-06-24T23:37:56.301+0000] {logging_mixin.py:188} INFO - [2026-06-24T23:37:56.301+0000] {dag.py:3954} INFO - Setting next_dagrun for insurance_pipeline to 2026-06-24 01:00:00+00:00, run_after=2026-06-25 01:00:00+00:00
[2026-06-24T23:37:56.334+0000] {processor.py:183} INFO - Processing /opt/airflow/dags/insurance_pipeline_dag.py took 0.186 seconds
[2026-06-24T23:38:26.994+0000] {processor.py:161} INFO - Started process (PID=1390) to work on /opt/airflow/dags/insurance_pipeline_dag.py
[2026-06-24T23:38:26.996+0000] {processor.py:830} INFO - Processing file /opt/airflow/dags/insurance_pipeline_dag.py for tasks to queue
[2026-06-24T23:38:27.000+0000] {logging_mixin.py:188} INFO - [2026-06-24T23:38:26.999+0000] {dagbag.py:540} INFO - Filling up the DagBag from /opt/airflow/dags/insurance_pipeline_dag.py
[2026-06-24T23:38:27.046+0000] {processor.py:840} INFO - DAG(s) 'insurance_pipeline' retrieved from /opt/airflow/dags/insurance_pipeline_dag.py
[2026-06-24T23:38:27.105+0000] {logging_mixin.py:188} INFO - [2026-06-24T23:38:27.105+0000] {dag.py:3096} INFO - Sync 1 DAGs
[2026-06-24T23:38:27.148+0000] {logging_mixin.py:188} INFO - [2026-06-24T23:38:27.147+0000] {dag.py:3954} INFO - Setting next_dagrun for insurance_pipeline to 2026-06-24 01:00:00+00:00, run_after=2026-06-25 01:00:00+00:00
[2026-06-24T23:38:27.191+0000] {processor.py:183} INFO - Processing /opt/airflow/dags/insurance_pipeline_dag.py took 0.215 seconds
[2026-06-24T23:38:57.639+0000] {processor.py:161} INFO - Started process (PID=1395) to work on /opt/airflow/dags/insurance_pipeline_dag.py
[2026-06-24T23:38:57.641+0000] {processor.py:830} INFO - Processing file /opt/airflow/dags/insurance_pipeline_dag.py for tasks to queue
[2026-06-24T23:38:57.645+0000] {logging_mixin.py:188} INFO - [2026-06-24T23:38:57.644+0000] {dagbag.py:540} INFO - Filling up the DagBag from /opt/airflow/dags/insurance_pipeline_dag.py
[2026-06-24T23:38:57.692+0000] {processor.py:840} INFO - DAG(s) 'insurance_pipeline' retrieved from /opt/airflow/dags/insurance_pipeline_dag.py
[2026-06-24T23:38:57.750+0000] {logging_mixin.py:188} INFO - [2026-06-24T23:38:57.749+0000] {dag.py:3096} INFO - Sync 1 DAGs
[2026-06-24T23:38:57.792+0000] {logging_mixin.py:188} INFO - [2026-06-24T23:38:57.792+0000] {dag.py:3954} INFO - Setting next_dagrun for insurance_pipeline to 2026-06-24 01:00:00+00:00, run_after=2026-06-25 01:00:00+00:00
[2026-06-24T23:38:57.832+0000] {processor.py:183} INFO - Processing /opt/airflow/dags/insurance_pipeline_dag.py took 0.208 seconds
[2026-06-24T23:39:28.449+0000] {processor.py:161} INFO - Started process (PID=1400) to work on /opt/airflow/dags/insurance_pipeline_dag.py
[2026-06-24T23:39:28.451+0000] {processor.py:830} INFO - Processing file /opt/airflow/dags/insurance_pipeline_dag.py for tasks to queue
[2026-06-24T23:39:28.456+0000] {logging_mixin.py:188} INFO - [2026-06-24T23:39:28.455+0000] {dagbag.py:540} INFO - Filling up the DagBag from /opt/airflow/dags/insurance_pipeline_dag.py
[2026-06-24T23:39:28.507+0000] {processor.py:840} INFO - DAG(s) 'insurance_pipeline' retrieved from /opt/airflow/dags/insurance_pipeline_dag.py
[2026-06-24T23:39:28.565+0000] {logging_mixin.py:188} INFO - [2026-06-24T23:39:28.565+0000] {dag.py:3096} INFO - Sync 1 DAGs
[2026-06-24T23:39:28.605+0000] {logging_mixin.py:188} INFO - [2026-06-24T23:39:28.605+0000] {dag.py:3954} INFO - Setting next_dagrun for insurance_pipeline to 2026-06-24 01:00:00+00:00, run_after=2026-06-25 01:00:00+00:00
[2026-06-24T23:39:28.640+0000] {processor.py:183} INFO - Processing /opt/airflow/dags/insurance_pipeline_dag.py took 0.207 seconds
[2026-06-24T23:39:59.088+0000] {processor.py:161} INFO - Started process (PID=1405) to work on /opt/airflow/dags/insurance_pipeline_dag.py
[2026-06-24T23:39:59.091+0000] {processor.py:830} INFO - Processing file /opt/airflow/dags/insurance_pipeline_dag.py for tasks to queue
[2026-06-24T23:39:59.096+0000] {logging_mixin.py:188} INFO - [2026-06-24T23:39:59.095+0000] {dagbag.py:540} INFO - Filling up the DagBag from /opt/airflow/dags/insurance_pipeline_dag.py
[2026-06-24T23:39:59.140+0000] {processor.py:840} INFO - DAG(s) 'insurance_pipeline' retrieved from /opt/airflow/dags/insurance_pipeline_dag.py
[2026-06-24T23:39:59.208+0000] {logging_mixin.py:188} INFO - [2026-06-24T23:39:59.208+0000] {dag.py:3096} INFO - Sync 1 DAGs
[2026-06-24T23:39:59.253+0000] {logging_mixin.py:188} INFO - [2026-06-24T23:39:59.253+0000] {dag.py:3954} INFO - Setting next_dagrun for insurance_pipeline to 2026-06-24 01:00:00+00:00, run_after=2026-06-25 01:00:00+00:00
[2026-06-24T23:39:59.292+0000] {processor.py:183} INFO - Processing /opt/airflow/dags/insurance_pipeline_dag.py took 0.223 seconds
[2026-06-24T23:40:29.959+0000] {processor.py:161} INFO - Started process (PID=1410) to work on /opt/airflow/dags/insurance_pipeline_dag.py
[2026-06-24T23:40:29.963+0000] {processor.py:830} INFO - Processing file /opt/airflow/dags/insurance_pipeline_dag.py for tasks to queue
[2026-06-24T23:40:29.971+0000] {logging_mixin.py:188} INFO - [2026-06-24T23:40:29.969+0000] {dagbag.py:540} INFO - Filling up the DagBag from /opt/airflow/dags/insurance_pipeline_dag.py
[2026-06-24T23:40:30.083+0000] {processor.py:840} INFO - DAG(s) 'insurance_pipeline' retrieved from /opt/airflow/dags/insurance_pipeline_dag.py
[2026-06-24T23:40:30.231+0000] {logging_mixin.py:188} INFO - [2026-06-24T23:40:30.231+0000] {dag.py:3096} INFO - Sync 1 DAGs
[2026-06-24T23:40:30.317+0000] {logging_mixin.py:188} INFO - [2026-06-24T23:40:30.316+0000] {dag.py:3954} INFO - Setting next_dagrun for insurance_pipeline to 2026-06-24 01:00:00+00:00, run_after=2026-06-25 01:00:00+00:00
[2026-06-24T23:40:30.371+0000] {processor.py:183} INFO - Processing /opt/airflow/dags/insurance_pipeline_dag.py took 0.450 seconds
[2026-06-24T23:41:00.731+0000] {processor.py:161} INFO - Started process (PID=1415) to work on /opt/airflow/dags/insurance_pipeline_dag.py
[2026-06-24T23:41:00.734+0000] {processor.py:830} INFO - Processing file /opt/airflow/dags/insurance_pipeline_dag.py for tasks to queue
[2026-06-24T23:41:00.740+0000] {logging_mixin.py:188} INFO - [2026-06-24T23:41:00.739+0000] {dagbag.py:540} INFO - Filling up the DagBag from /opt/airflow/dags/insurance_pipeline_dag.py
[2026-06-24T23:41:00.793+0000] {processor.py:840} INFO - DAG(s) 'insurance_pipeline' retrieved from /opt/airflow/dags/insurance_pipeline_dag.py
[2026-06-24T23:41:00.882+0000] {logging_mixin.py:188} INFO - [2026-06-24T23:41:00.881+0000] {dag.py:3096} INFO - Sync 1 DAGs
[2026-06-24T23:41:00.941+0000] {logging_mixin.py:188} INFO - [2026-06-24T23:41:00.940+0000] {dag.py:3954} INFO - Setting next_dagrun for insurance_pipeline to 2026-06-24 01:00:00+00:00, run_after=2026-06-25 01:00:00+00:00
[2026-06-24T23:41:01.017+0000] {processor.py:183} INFO - Processing /opt/airflow/dags/insurance_pipeline_dag.py took 0.322 seconds
[2026-06-24T23:41:31.660+0000] {processor.py:161} INFO - Started process (PID=1420) to work on /opt/airflow/dags/insurance_pipeline_dag.py
[2026-06-24T23:41:31.661+0000] {processor.py:830} INFO - Processing file /opt/airflow/dags/insurance_pipeline_dag.py for tasks to queue
[2026-06-24T23:41:31.664+0000] {logging_mixin.py:188} INFO - [2026-06-24T23:41:31.663+0000] {dagbag.py:540} INFO - Filling up the DagBag from /opt/airflow/dags/insurance_pipeline_dag.py
[2026-06-24T23:41:31.702+0000] {processor.py:840} INFO - DAG(s) 'insurance_pipeline' retrieved from /opt/airflow/dags/insurance_pipeline_dag.py
[2026-06-24T23:41:31.760+0000] {logging_mixin.py:188} INFO - [2026-06-24T23:41:31.760+0000] {dag.py:3096} INFO - Sync 1 DAGs
[2026-06-24T23:41:31.796+0000] {logging_mixin.py:188} INFO - [2026-06-24T23:41:31.795+0000] {dag.py:3954} INFO - Setting next_dagrun for insurance_pipeline to 2026-06-24 01:00:00+00:00, run_after=2026-06-25 01:00:00+00:00
[2026-06-24T23:41:31.829+0000] {processor.py:183} INFO - Processing /opt/airflow/dags/insurance_pipeline_dag.py took 0.183 seconds
[2026-06-24T23:42:02.290+0000] {processor.py:161} INFO - Started process (PID=1425) to work on /opt/airflow/dags/insurance_pipeline_dag.py
[2026-06-24T23:42:02.292+0000] {processor.py:830} INFO - Processing file /opt/airflow/dags/insurance_pipeline_dag.py for tasks to queue
[2026-06-24T23:42:02.296+0000] {logging_mixin.py:188} INFO - [2026-06-24T23:42:02.296+0000] {dagbag.py:540} INFO - Filling up the DagBag from /opt/airflow/dags/insurance_pipeline_dag.py
[2026-06-24T23:42:02.345+0000] {processor.py:840} INFO - DAG(s) 'insurance_pipeline' retrieved from /opt/airflow/dags/insurance_pipeline_dag.py
[2026-06-24T23:42:02.412+0000] {logging_mixin.py:188} INFO - [2026-06-24T23:42:02.412+0000] {dag.py:3096} INFO - Sync 1 DAGs
[2026-06-24T23:42:02.453+0000] {logging_mixin.py:188} INFO - [2026-06-24T23:42:02.453+0000] {dag.py:3954} INFO - Setting next_dagrun for insurance_pipeline to 2026-06-24 01:00:00+00:00, run_after=2026-06-25 01:00:00+00:00
[2026-06-24T23:42:02.492+0000] {processor.py:183} INFO - Processing /opt/airflow/dags/insurance_pipeline_dag.py took 0.219 seconds
[2026-06-24T23:42:32.968+0000] {processor.py:161} INFO - Started process (PID=1430) to work on /opt/airflow/dags/insurance_pipeline_dag.py
[2026-06-24T23:42:32.970+0000] {processor.py:830} INFO - Processing file /opt/airflow/dags/insurance_pipeline_dag.py for tasks to queue
[2026-06-24T23:42:32.972+0000] {logging_mixin.py:188} INFO - [2026-06-24T23:42:32.972+0000] {dagbag.py:540} INFO - Filling up the DagBag from /opt/airflow/dags/insurance_pipeline_dag.py
[2026-06-24T23:42:33.006+0000] {processor.py:840} INFO - DAG(s) 'insurance_pipeline' retrieved from /opt/airflow/dags/insurance_pipeline_dag.py
[2026-06-24T23:42:33.060+0000] {logging_mixin.py:188} INFO - [2026-06-24T23:42:33.060+0000] {dag.py:3096} INFO - Sync 1 DAGs
[2026-06-24T23:42:33.092+0000] {logging_mixin.py:188} INFO - [2026-06-24T23:42:33.091+0000] {dag.py:3954} INFO - Setting next_dagrun for insurance_pipeline to 2026-06-24 01:00:00+00:00, run_after=2026-06-25 01:00:00+00:00
[2026-06-24T23:42:33.131+0000] {processor.py:183} INFO - Processing /opt/airflow/dags/insurance_pipeline_dag.py took 0.176 seconds
[2026-06-24T23:43:03.607+0000] {processor.py:161} INFO - Started process (PID=1435) to work on /opt/airflow/dags/insurance_pipeline_dag.py
[2026-06-24T23:43:03.609+0000] {processor.py:830} INFO - Processing file /opt/airflow/dags/insurance_pipeline_dag.py for tasks to queue
[2026-06-24T23:43:03.612+0000] {logging_mixin.py:188} INFO - [2026-06-24T23:43:03.612+0000] {dagbag.py:540} INFO - Filling up the DagBag from /opt/airflow/dags/insurance_pipeline_dag.py
[2026-06-24T23:43:03.650+0000] {processor.py:840} INFO - DAG(s) 'insurance_pipeline' retrieved from /opt/airflow/dags/insurance_pipeline_dag.py
[2026-06-24T23:43:03.705+0000] {logging_mixin.py:188} INFO - [2026-06-24T23:43:03.705+0000] {dag.py:3096} INFO - Sync 1 DAGs
[2026-06-24T23:43:03.741+0000] {logging_mixin.py:188} INFO - [2026-06-24T23:43:03.740+0000] {dag.py:3954} INFO - Setting next_dagrun for insurance_pipeline to 2026-06-24 01:00:00+00:00, run_after=2026-06-25 01:00:00+00:00
[2026-06-24T23:43:03.774+0000] {processor.py:183} INFO - Processing /opt/airflow/dags/insurance_pipeline_dag.py took 0.180 seconds
[2026-06-24T23:43:34.283+0000] {processor.py:161} INFO - Started process (PID=1440) to work on /opt/airflow/dags/insurance_pipeline_dag.py
[2026-06-24T23:43:34.285+0000] {processor.py:830} INFO - Processing file /opt/airflow/dags/insurance_pipeline_dag.py for tasks to queue
[2026-06-24T23:43:34.289+0000] {logging_mixin.py:188} INFO - [2026-06-24T23:43:34.288+0000] {dagbag.py:540} INFO - Filling up the DagBag from /opt/airflow/dags/insurance_pipeline_dag.py
[2026-06-24T23:43:34.326+0000] {processor.py:840} INFO - DAG(s) 'insurance_pipeline' retrieved from /opt/airflow/dags/insurance_pipeline_dag.py
[2026-06-24T23:43:34.379+0000] {logging_mixin.py:188} INFO - [2026-06-24T23:43:34.379+0000] {dag.py:3096} INFO - Sync 1 DAGs
[2026-06-24T23:43:34.416+0000] {logging_mixin.py:188} INFO - [2026-06-24T23:43:34.416+0000] {dag.py:3954} INFO - Setting next_dagrun for insurance_pipeline to 2026-06-24 01:00:00+00:00, run_after=2026-06-25 01:00:00+00:00
[2026-06-24T23:43:34.446+0000] {processor.py:183} INFO - Processing /opt/airflow/dags/insurance_pipeline_dag.py took 0.178 seconds
[2026-06-24T23:44:05.285+0000] {processor.py:161} INFO - Started process (PID=1445) to work on /opt/airflow/dags/insurance_pipeline_dag.py
[2026-06-24T23:44:05.288+0000] {processor.py:830} INFO - Processing file /opt/airflow/dags/insurance_pipeline_dag.py for tasks to queue
[2026-06-24T23:44:05.293+0000] {logging_mixin.py:188} INFO - [2026-06-24T23:44:05.292+0000] {dagbag.py:540} INFO - Filling up the DagBag from /opt/airflow/dags/insurance_pipeline_dag.py
[2026-06-24T23:44:05.372+0000] {processor.py:840} INFO - DAG(s) 'insurance_pipeline' retrieved from /opt/airflow/dags/insurance_pipeline_dag.py
[2026-06-24T23:44:05.460+0000] {logging_mixin.py:188} INFO - [2026-06-24T23:44:05.459+0000] {dag.py:3096} INFO - Sync 1 DAGs
[2026-06-24T23:44:05.506+0000] {logging_mixin.py:188} INFO - [2026-06-24T23:44:05.505+0000] {dag.py:3954} INFO - Setting next_dagrun for insurance_pipeline to 2026-06-24 01:00:00+00:00, run_after=2026-06-25 01:00:00+00:00
[2026-06-24T23:44:05.555+0000] {processor.py:183} INFO - Processing /opt/airflow/dags/insurance_pipeline_dag.py took 0.296 seconds
[2026-06-24T23:44:35.961+0000] {processor.py:161} INFO - Started process (PID=1450) to work on /opt/airflow/dags/insurance_pipeline_dag.py
[2026-06-24T23:44:35.964+0000] {processor.py:830} INFO - Processing file /opt/airflow/dags/insurance_pipeline_dag.py for tasks to queue
[2026-06-24T23:44:35.968+0000] {logging_mixin.py:188} INFO - [2026-06-24T23:44:35.967+0000] {dagbag.py:540} INFO - Filling up the DagBag from /opt/airflow/dags/insurance_pipeline_dag.py
[2026-06-24T23:44:36.015+0000] {processor.py:840} INFO - DAG(s) 'insurance_pipeline' retrieved from /opt/airflow/dags/insurance_pipeline_dag.py
[2026-06-24T23:44:36.098+0000] {logging_mixin.py:188} INFO - [2026-06-24T23:44:36.097+0000] {dag.py:3096} INFO - Sync 1 DAGs
[2026-06-24T23:44:36.151+0000] {logging_mixin.py:188} INFO - [2026-06-24T23:44:36.150+0000] {dag.py:3954} INFO - Setting next_dagrun for insurance_pipeline to 2026-06-24 01:00:00+00:00, run_after=2026-06-25 01:00:00+00:00
[2026-06-24T23:44:36.194+0000] {processor.py:183} INFO - Processing /opt/airflow/dags/insurance_pipeline_dag.py took 0.252 seconds
[2026-06-24T23:45:06.788+0000] {processor.py:161} INFO - Started process (PID=1455) to work on /opt/airflow/dags/insurance_pipeline_dag.py
[2026-06-24T23:45:06.790+0000] {processor.py:830} INFO - Processing file /opt/airflow/dags/insurance_pipeline_dag.py for tasks to queue
[2026-06-24T23:45:06.794+0000] {logging_mixin.py:188} INFO - [2026-06-24T23:45:06.793+0000] {dagbag.py:540} INFO - Filling up the DagBag from /opt/airflow/dags/insurance_pipeline_dag.py
[2026-06-24T23:45:06.834+0000] {processor.py:840} INFO - DAG(s) 'insurance_pipeline' retrieved from /opt/airflow/dags/insurance_pipeline_dag.py
[2026-06-24T23:45:06.893+0000] {logging_mixin.py:188} INFO - [2026-06-24T23:45:06.893+0000] {dag.py:3096} INFO - Sync 1 DAGs
[2026-06-24T23:45:06.932+0000] {logging_mixin.py:188} INFO - [2026-06-24T23:45:06.932+0000] {dag.py:3954} INFO - Setting next_dagrun for insurance_pipeline to 2026-06-24 01:00:00+00:00, run_after=2026-06-25 01:00:00+00:00
[2026-06-24T23:45:06.969+0000] {processor.py:183} INFO - Processing /opt/airflow/dags/insurance_pipeline_dag.py took 0.194 seconds
[2026-06-24T23:45:37.763+0000] {processor.py:161} INFO - Started process (PID=1460) to work on /opt/airflow/dags/insurance_pipeline_dag.py
[2026-06-24T23:45:37.768+0000] {processor.py:830} INFO - Processing file /opt/airflow/dags/insurance_pipeline_dag.py for tasks to queue
[2026-06-24T23:45:37.778+0000] {logging_mixin.py:188} INFO - [2026-06-24T23:45:37.776+0000] {dagbag.py:540} INFO - Filling up the DagBag from /opt/airflow/dags/insurance_pipeline_dag.py
[2026-06-24T23:45:37.873+0000] {processor.py:840} INFO - DAG(s) 'insurance_pipeline' retrieved from /opt/airflow/dags/insurance_pipeline_dag.py
[2026-06-24T23:45:38.004+0000] {logging_mixin.py:188} INFO - [2026-06-24T23:45:38.003+0000] {dag.py:3096} INFO - Sync 1 DAGs
[2026-06-24T23:45:38.077+0000] {logging_mixin.py:188} INFO - [2026-06-24T23:45:38.077+0000] {dag.py:3954} INFO - Setting next_dagrun for insurance_pipeline to 2026-06-24 01:00:00+00:00, run_after=2026-06-25 01:00:00+00:00
[2026-06-24T23:45:38.150+0000] {processor.py:183} INFO - Processing /opt/airflow/dags/insurance_pipeline_dag.py took 0.427 seconds
[2026-06-24T23:46:08.450+0000] {processor.py:161} INFO - Started process (PID=1465) to work on /opt/airflow/dags/insurance_pipeline_dag.py
[2026-06-24T23:46:08.454+0000] {processor.py:830} INFO - Processing file /opt/airflow/dags/insurance_pipeline_dag.py for tasks to queue
[2026-06-24T23:46:08.461+0000] {logging_mixin.py:188} INFO - [2026-06-24T23:46:08.460+0000] {dagbag.py:540} INFO - Filling up the DagBag from /opt/airflow/dags/insurance_pipeline_dag.py
[2026-06-24T23:46:08.563+0000] {processor.py:840} INFO - DAG(s) 'insurance_pipeline' retrieved from /opt/airflow/dags/insurance_pipeline_dag.py
[2026-06-24T23:46:08.691+0000] {logging_mixin.py:188} INFO - [2026-06-24T23:46:08.690+0000] {dag.py:3096} INFO - Sync 1 DAGs
[2026-06-24T23:46:08.779+0000] {logging_mixin.py:188} INFO - [2026-06-24T23:46:08.778+0000] {dag.py:3954} INFO - Setting next_dagrun for insurance_pipeline to 2026-06-24 01:00:00+00:00, run_after=2026-06-25 01:00:00+00:00
[2026-06-24T23:46:08.852+0000] {processor.py:183} INFO - Processing /opt/airflow/dags/insurance_pipeline_dag.py took 0.439 seconds
[2026-06-24T23:46:39.715+0000] {processor.py:161} INFO - Started process (PID=1470) to work on /opt/airflow/dags/insurance_pipeline_dag.py
[2026-06-24T23:46:39.718+0000] {processor.py:830} INFO - Processing file /opt/airflow/dags/insurance_pipeline_dag.py for tasks to queue
[2026-06-24T23:46:39.725+0000] {logging_mixin.py:188} INFO - [2026-06-24T23:46:39.723+0000] {dagbag.py:540} INFO - Filling up the DagBag from /opt/airflow/dags/insurance_pipeline_dag.py
[2026-06-24T23:46:39.817+0000] {processor.py:840} INFO - DAG(s) 'insurance_pipeline' retrieved from /opt/airflow/dags/insurance_pipeline_dag.py
[2026-06-24T23:46:39.933+0000] {logging_mixin.py:188} INFO - [2026-06-24T23:46:39.933+0000] {dag.py:3096} INFO - Sync 1 DAGs
[2026-06-24T23:46:40.023+0000] {logging_mixin.py:188} INFO - [2026-06-24T23:46:40.022+0000] {dag.py:3954} INFO - Setting next_dagrun for insurance_pipeline to 2026-06-24 01:00:00+00:00, run_after=2026-06-25 01:00:00+00:00
[2026-06-24T23:46:40.090+0000] {processor.py:183} INFO - Processing /opt/airflow/dags/insurance_pipeline_dag.py took 0.411 seconds
[2026-06-24T23:47:10.620+0000] {processor.py:161} INFO - Started process (PID=1475) to work on /opt/airflow/dags/insurance_pipeline_dag.py
[2026-06-24T23:47:10.624+0000] {processor.py:830} INFO - Processing file /opt/airflow/dags/insurance_pipeline_dag.py for tasks to queue
[2026-06-24T23:47:10.637+0000] {logging_mixin.py:188} INFO - [2026-06-24T23:47:10.636+0000] {dagbag.py:540} INFO - Filling up the DagBag from /opt/airflow/dags/insurance_pipeline_dag.py
[2026-06-24T23:47:10.866+0000] {processor.py:840} INFO - DAG(s) 'insurance_pipeline' retrieved from /opt/airflow/dags/insurance_pipeline_dag.py
[2026-06-24T23:47:11.188+0000] {logging_mixin.py:188} INFO - [2026-06-24T23:47:11.188+0000] {dag.py:3096} INFO - Sync 1 DAGs
[2026-06-24T23:47:11.334+0000] {logging_mixin.py:188} INFO - [2026-06-24T23:47:11.330+0000] {dag.py:3954} INFO - Setting next_dagrun for insurance_pipeline to 2026-06-24 01:00:00+00:00, run_after=2026-06-25 01:00:00+00:00
[2026-06-24T23:47:11.444+0000] {processor.py:183} INFO - Processing /opt/airflow/dags/insurance_pipeline_dag.py took 0.866 seconds
[2026-06-24T23:48:43.107+0000] {processor.py:161} INFO - Started process (PID=1480) to work on /opt/airflow/dags/insurance_pipeline_dag.py
[2026-06-24T23:48:43.154+0000] {processor.py:830} INFO - Processing file /opt/airflow/dags/insurance_pipeline_dag.py for tasks to queue
[2026-06-24T23:48:43.278+0000] {logging_mixin.py:188} INFO - [2026-06-24T23:48:43.274+0000] {dagbag.py:540} INFO - Filling up the DagBag from /opt/airflow/dags/insurance_pipeline_dag.py
[2026-06-24T23:48:44.026+0000] {processor.py:840} INFO - DAG(s) 'insurance_pipeline' retrieved from /opt/airflow/dags/insurance_pipeline_dag.py
[2026-06-24T23:48:44.612+0000] {logging_mixin.py:188} INFO - [2026-06-24T23:48:44.611+0000] {dag.py:3096} INFO - Sync 1 DAGs
[2026-06-24T23:48:44.911+0000] {logging_mixin.py:188} INFO - [2026-06-24T23:48:44.910+0000] {dag.py:3954} INFO - Setting next_dagrun for insurance_pipeline to 2026-06-24 01:00:00+00:00, run_after=2026-06-25 01:00:00+00:00
[2026-06-24T23:48:45.116+0000] {processor.py:183} INFO - Processing /opt/airflow/dags/insurance_pipeline_dag.py took 2.112 seconds
[2026-06-24T23:49:16.368+0000] {processor.py:161} INFO - Started process (PID=1487) to work on /opt/airflow/dags/insurance_pipeline_dag.py
[2026-06-24T23:49:16.376+0000] {processor.py:830} INFO - Processing file /opt/airflow/dags/insurance_pipeline_dag.py for tasks to queue
[2026-06-24T23:49:16.388+0000] {logging_mixin.py:188} INFO - [2026-06-24T23:49:16.386+0000] {dagbag.py:540} INFO - Filling up the DagBag from /opt/airflow/dags/insurance_pipeline_dag.py
[2026-06-24T23:49:16.535+0000] {processor.py:840} INFO - DAG(s) 'insurance_pipeline' retrieved from /opt/airflow/dags/insurance_pipeline_dag.py
[2026-06-24T23:49:16.730+0000] {logging_mixin.py:188} INFO - [2026-06-24T23:49:16.730+0000] {dag.py:3096} INFO - Sync 1 DAGs
[2026-06-24T23:49:16.862+0000] {logging_mixin.py:188} INFO - [2026-06-24T23:49:16.859+0000] {dag.py:3954} INFO - Setting next_dagrun for insurance_pipeline to 2026-06-24 01:00:00+00:00, run_after=2026-06-25 01:00:00+00:00
[2026-06-24T23:49:16.978+0000] {processor.py:183} INFO - Processing /opt/airflow/dags/insurance_pipeline_dag.py took 0.647 seconds
[2026-06-24T23:49:47.333+0000] {processor.py:161} INFO - Started process (PID=1492) to work on /opt/airflow/dags/insurance_pipeline_dag.py
[2026-06-24T23:49:47.338+0000] {processor.py:830} INFO - Processing file /opt/airflow/dags/insurance_pipeline_dag.py for tasks to queue
[2026-06-24T23:49:47.345+0000] {logging_mixin.py:188} INFO - [2026-06-24T23:49:47.344+0000] {dagbag.py:540} INFO - Filling up the DagBag from /opt/airflow/dags/insurance_pipeline_dag.py
[2026-06-24T23:49:47.449+0000] {processor.py:840} INFO - DAG(s) 'insurance_pipeline' retrieved from /opt/airflow/dags/insurance_pipeline_dag.py
[2026-06-24T23:49:47.574+0000] {logging_mixin.py:188} INFO - [2026-06-24T23:49:47.573+0000] {dag.py:3096} INFO - Sync 1 DAGs
[2026-06-24T23:49:47.660+0000] {logging_mixin.py:188} INFO - [2026-06-24T23:49:47.660+0000] {dag.py:3954} INFO - Setting next_dagrun for insurance_pipeline to 2026-06-24 01:00:00+00:00, run_after=2026-06-25 01:00:00+00:00
[2026-06-24T23:49:47.730+0000] {processor.py:183} INFO - Processing /opt/airflow/dags/insurance_pipeline_dag.py took 0.434 seconds
[2026-06-24T23:50:18.414+0000] {processor.py:161} INFO - Started process (PID=1497) to work on /opt/airflow/dags/insurance_pipeline_dag.py
[2026-06-24T23:50:18.417+0000] {processor.py:830} INFO - Processing file /opt/airflow/dags/insurance_pipeline_dag.py for tasks to queue
[2026-06-24T23:50:18.425+0000] {logging_mixin.py:188} INFO - [2026-06-24T23:50:18.423+0000] {dagbag.py:540} INFO - Filling up the DagBag from /opt/airflow/dags/insurance_pipeline_dag.py
[2026-06-24T23:50:18.524+0000] {processor.py:840} INFO - DAG(s) 'insurance_pipeline' retrieved from /opt/airflow/dags/insurance_pipeline_dag.py
[2026-06-24T23:50:18.668+0000] {logging_mixin.py:188} INFO - [2026-06-24T23:50:18.667+0000] {dag.py:3096} INFO - Sync 1 DAGs
[2026-06-24T23:50:18.772+0000] {logging_mixin.py:188} INFO - [2026-06-24T23:50:18.771+0000] {dag.py:3954} INFO - Setting next_dagrun for insurance_pipeline to 2026-06-24 01:00:00+00:00, run_after=2026-06-25 01:00:00+00:00
[2026-06-24T23:50:18.855+0000] {processor.py:183} INFO - Processing /opt/airflow/dags/insurance_pipeline_dag.py took 0.475 seconds
[2026-06-24T23:50:50.040+0000] {processor.py:161} INFO - Started process (PID=1502) to work on /opt/airflow/dags/insurance_pipeline_dag.py
[2026-06-24T23:50:50.045+0000] {processor.py:830} INFO - Processing file /opt/airflow/dags/insurance_pipeline_dag.py for tasks to queue
[2026-06-24T23:50:50.055+0000] {logging_mixin.py:188} INFO - [2026-06-24T23:50:50.053+0000] {dagbag.py:540} INFO - Filling up the DagBag from /opt/airflow/dags/insurance_pipeline_dag.py
[2026-06-24T23:50:50.156+0000] {processor.py:840} INFO - DAG(s) 'insurance_pipeline' retrieved from /opt/airflow/dags/insurance_pipeline_dag.py
[2026-06-24T23:50:50.262+0000] {logging_mixin.py:188} INFO - [2026-06-24T23:50:50.261+0000] {dag.py:3096} INFO - Sync 1 DAGs
[2026-06-24T23:50:50.337+0000] {logging_mixin.py:188} INFO - [2026-06-24T23:50:50.336+0000] {dag.py:3954} INFO - Setting next_dagrun for insurance_pipeline to 2026-06-24 01:00:00+00:00, run_after=2026-06-25 01:00:00+00:00
[2026-06-24T23:50:50.417+0000] {processor.py:183} INFO - Processing /opt/airflow/dags/insurance_pipeline_dag.py took 0.405 seconds
[2026-06-24T23:51:21.151+0000] {processor.py:161} INFO - Started process (PID=1507) to work on /opt/airflow/dags/insurance_pipeline_dag.py
[2026-06-24T23:51:21.154+0000] {processor.py:830} INFO - Processing file /opt/airflow/dags/insurance_pipeline_dag.py for tasks to queue
[2026-06-24T23:51:21.160+0000] {logging_mixin.py:188} INFO - [2026-06-24T23:51:21.159+0000] {dagbag.py:540} INFO - Filling up the DagBag from /opt/airflow/dags/insurance_pipeline_dag.py
[2026-06-24T23:51:21.237+0000] {processor.py:840} INFO - DAG(s) 'insurance_pipeline' retrieved from /opt/airflow/dags/insurance_pipeline_dag.py
[2026-06-24T23:51:21.353+0000] {logging_mixin.py:188} INFO - [2026-06-24T23:51:21.353+0000] {dag.py:3096} INFO - Sync 1 DAGs
[2026-06-24T23:51:21.443+0000] {logging_mixin.py:188} INFO - [2026-06-24T23:51:21.442+0000] {dag.py:3954} INFO - Setting next_dagrun for insurance_pipeline to 2026-06-24 01:00:00+00:00, run_after=2026-06-25 01:00:00+00:00
[2026-06-24T23:51:21.520+0000] {processor.py:183} INFO - Processing /opt/airflow/dags/insurance_pipeline_dag.py took 0.397 seconds
[2026-06-24T23:51:52.555+0000] {processor.py:161} INFO - Started process (PID=1512) to work on /opt/airflow/dags/insurance_pipeline_dag.py
[2026-06-24T23:51:52.560+0000] {processor.py:830} INFO - Processing file /opt/airflow/dags/insurance_pipeline_dag.py for tasks to queue
[2026-06-24T23:51:52.569+0000] {logging_mixin.py:188} INFO - [2026-06-24T23:51:52.567+0000] {dagbag.py:540} INFO - Filling up the DagBag from /opt/airflow/dags/insurance_pipeline_dag.py
[2026-06-24T23:51:52.672+0000] {processor.py:840} INFO - DAG(s) 'insurance_pipeline' retrieved from /opt/airflow/dags/insurance_pipeline_dag.py
[2026-06-24T23:51:52.803+0000] {logging_mixin.py:188} INFO - [2026-06-24T23:51:52.803+0000] {dag.py:3096} INFO - Sync 1 DAGs
[2026-06-24T23:51:52.894+0000] {logging_mixin.py:188} INFO - [2026-06-24T23:51:52.893+0000] {dag.py:3954} INFO - Setting next_dagrun for insurance_pipeline to 2026-06-24 01:00:00+00:00, run_after=2026-06-25 01:00:00+00:00
[2026-06-24T23:51:52.973+0000] {processor.py:183} INFO - Processing /opt/airflow/dags/insurance_pipeline_dag.py took 0.457 seconds
